latitude,longitude,area_name,hour,day_of_week,crime_count,incident_type,feedback_score,risk_label
12.965981,77.577588,Majestic,22,1,77,harassment,2.22,danger
12.980532,77.548691,Rajajinagar,14,5,42,vandalism,2.64,moderate
12.96936,77.564595,KR_Market,20,3,85,theft,2.04,danger
12.897915,77.643606,HSR_Layout,9,6,15,noise_complaint,5.0,safe
12.954583,77.578178,KR_Market,2,2,82,robbery,1.53,danger
12.995513,77.674086,KR_Puram,0,5,62,chain_snatching,1.17,danger
13.035896,77.593279,Hebbal,5,4,60,minor_assault,3.26,moderate
12.91253,77.597554,Jayanagar,21,2,45,minor_assault,2.54,moderate
12.91612,77.589663,Jayanagar,14,3,32,trespassing,2.91,moderate
13.026449,77.600938,Hebbal,19,5,62,vandalism,2.99,moderate
12.945266,77.675258,Bellandur,14,2,28,minor_dispute,4.12,safe
12.987347,77.605327,Shivajinagar,20,5,88,harassment,1.0,danger
12.983227,77.595503,Shivajinagar,19,4,75,harassment,1.52,danger
12.916314,77.54726,Jyothy_Institute,13,5,11,traffic_violation,4.3,safe
12.903626,77.654498,HSR_Layout,11,4,14,noise_complaint,4.62,safe
12.978252,77.601053,Shivajinagar,22,5,83,harassment,2.47,danger
13.010298,77.546281,Rajajinagar,8,0,76,minor_assault,2.93,moderate
13.027245,77.549868,Yeshwanthpur,18,4,64,vandalism,3.44,moderate
12.985087,77.69222,Marathahalli,8,2,15,noise_complaint,4.04,safe
12.843135,77.683535,Electronic_City,13,4,41,trespassing,3.14,moderate
13.014374,77.67714,KR_Puram,20,5,78,chain_snatching,1.63,danger
12.961273,77.560996,Chickpet,16,5,68,chain_snatching,1.76,danger
12.923224,77.616569,Jayanagar,11,5,53,vandalism,2.61,moderate
12.988258,77.546425,Rajajinagar,6,6,42,trespassing,2.83,moderate
12.96601,77.564407,Majestic,10,4,82,assault,1.01,danger
12.976487,77.598131,Shivajinagar,23,4,64,chain_snatching,2.05,danger
13.025821,77.558911,Yeshwanthpur,14,2,53,theft,2.81,moderate
12.835706,77.576741,Bannerghatta,1,0,16,minor_dispute,4.0,safe
12.816427,77.6721,Electronic_City,1,5,39,vandalism,2.6,moderate
13.037064,77.590065,Hebbal,9,6,45,theft,2.63,moderate
12.972245,77.574463,Chickpet,16,6,65,theft,2.01,danger
12.92923,77.656686,HSR_Layout,9,2,0,traffic_violation,4.37,safe
12.9654,77.57183,KR_Market,2,5,80,assault,1.62,danger
13.005015,77.648622,KR_Puram,17,4,75,chain_snatching,1.31,danger
12.853108,77.653449,Electronic_City,23,4,34,theft,3.2,moderate
12.961402,77.562734,KR_Market,22,3,82,theft,2.43,danger
12.847305,77.607268,Bannerghatta,7,1,0,noise_complaint,4.59,safe
13.008899,77.668749,KR_Puram,16,4,54,robbery,1.33,danger
12.947495,77.566066,KR_Market,14,6,90,robbery,2.19,danger
12.965746,77.567171,Chickpet,11,5,78,chain_snatching,1.81,danger
12.81482,77.586354,Bannerghatta,7,3,24,noise_complaint,4.33,safe
12.859083,77.596952,Bannerghatta,4,4,27,minor_dispute,3.89,safe
12.991247,77.65866,KR_Puram,7,4,67,harassment,2.43,danger
12.967593,77.561531,KR_Market,20,3,72,robbery,2.42,danger
12.916636,77.672057,Bellandur,8,5,12,minor_dispute,4.37,safe
13.033356,77.60511,Hebbal,17,1,41,trespassing,2.91,moderate
12.970528,77.571977,KR_Market,23,2,86,theft,1.63,danger
12.952628,77.623573,Koramangala,18,1,73,minor_assault,2.91,moderate
12.973833,77.727455,Whitefield,11,0,16,noise_complaint,4.82,safe
12.979133,77.592861,Shivajinagar,23,2,74,robbery,1.61,danger
12.992558,77.612101,Shivajinagar,22,4,74,theft,1.35,danger
12.961231,77.724338,Whitefield,10,1,10,traffic_violation,4.94,safe
12.971048,77.570257,Majestic,20,3,98,robbery,1.32,danger
12.923458,77.609444,Jayanagar,7,6,64,theft,2.67,moderate
12.913537,77.636436,HSR_Layout,14,0,32,noise_complaint,3.75,safe
12.845808,77.603453,Bannerghatta,9,4,32,traffic_violation,4.28,safe
12.863181,77.664948,Electronic_City,13,1,55,minor_assault,2.92,moderate
13.008236,77.663177,KR_Puram,3,5,57,harassment,2.16,danger
12.836566,77.614173,Bannerghatta,16,2,21,traffic_violation,4.12,safe
13.009121,77.660176,KR_Puram,17,0,83,chain_snatching,1.08,danger
12.988981,77.601409,Shivajinagar,17,3,81,harassment,2.29,danger
13.019282,77.556038,Yeshwanthpur,18,4,49,trespassing,2.89,moderate
12.843014,77.704419,Electronic_City,2,6,43,trespassing,2.86,moderate
12.984014,77.561914,Rajajinagar,14,3,59,minor_assault,3.3,moderate
13.023181,77.566269,Yeshwanthpur,14,0,46,trespassing,2.63,moderate
13.012698,77.662714,KR_Puram,12,1,89,theft,1.84,danger
12.968339,77.571436,Chickpet,1,3,80,harassment,2.03,danger
12.916495,77.566908,Jyothy_Institute,10,1,22,minor_dispute,4.37,safe
12.95415,77.618404,Koramangala,6,6,58,vandalism,3.23,moderate
12.931502,77.608569,Jayanagar,14,5,42,trespassing,3.28,moderate
12.925923,77.610844,Koramangala,12,0,34,minor_assault,3.11,moderate
13.006371,77.554993,Yeshwanthpur,14,2,58,theft,2.95,moderate
12.97844,77.627235,Indiranagar,16,4,36,traffic_violation,3.59,safe
12.922616,77.647166,HSR_Layout,16,4,17,minor_dispute,3.87,safe
12.991855,77.579634,Majestic,22,2,86,chain_snatching,1.81,danger
12.952765,77.582876,KR_Market,12,4,75,chain_snatching,1.55,danger
12.94922,77.694404,Marathahalli,12,1,27,noise_complaint,3.56,safe
13.009315,77.669032,KR_Puram,22,4,50,harassment,2.12,danger
12.831714,77.674254,Electronic_City,22,6,34,minor_assault,2.82,moderate
12.97234,77.57206,Chickpet,15,4,86,robbery,1.03,danger
13.044446,77.608334,Hebbal,8,2,57,trespassing,3.21,moderate
12.956992,77.584065,KR_Market,19,3,84,robbery,1.16,danger
13.018356,77.671626,KR_Puram,0,3,63,robbery,2.27,danger
12.954214,77.661718,Marathahalli,8,2,10,noise_complaint,4.87,safe
13.006728,77.67266,KR_Puram,22,6,83,theft,1.01,danger
12.988441,77.705192,Marathahalli,14,2,5,minor_dispute,4.76,safe
12.977804,77.563618,Majestic,21,6,75,chain_snatching,2.43,danger
12.996592,77.595525,Shivajinagar,22,5,80,harassment,1.43,danger
13.02529,77.604471,Hebbal,11,4,35,vandalism,2.64,moderate
13.038529,77.550163,Yeshwanthpur,12,3,37,minor_assault,2.61,moderate
12.900414,77.638692,HSR_Layout,7,2,23,traffic_violation,3.91,safe
12.981497,77.622433,Shivajinagar,17,6,58,theft,1.98,danger
12.987177,77.556081,Rajajinagar,13,0,50,trespassing,3.15,moderate
13.010709,77.659856,KR_Puram,22,5,71,harassment,2.29,danger
12.899017,77.687795,Bellandur,10,2,3,noise_complaint,4.01,safe
12.950118,77.668226,Bellandur,11,1,2,traffic_violation,4.31,safe
12.930936,77.588589,Jayanagar,2,2,54,minor_assault,2.57,moderate
12.922633,77.693492,Bellandur,12,3,27,traffic_violation,4.57,safe
12.998712,77.588702,Shivajinagar,17,6,76,assault,2.4,danger
12.957214,77.569989,KR_Market,16,0,85,harassment,1.12,danger
12.965669,77.575947,Chickpet,19,1,86,harassment,1.49,danger
12.984197,77.54664,Rajajinagar,23,3,47,minor_assault,2.86,moderate
12.819427,77.695614,Electronic_City,9,3,48,vandalism,3.46,moderate
12.978736,77.615822,Shivajinagar,18,0,90,chain_snatching,1.51,danger
12.976594,77.570688,Majestic,18,3,95,assault,1.79,danger
12.88234,77.607147,Bannerghatta,13,5,22,minor_dispute,4.81,safe
13.002588,77.541858,Rajajinagar,6,2,51,vandalism,3.02,moderate
12.977359,77.579922,Majestic,16,0,73,harassment,2.2,danger
12.918744,77.555653,Jyothy_Institute,12,0,8,minor_dispute,4.8,safe
12.91441,77.6483,HSR_Layout,6,2,14,traffic_violation,3.67,safe
12.928214,77.589246,Jayanagar,13,6,28,minor_assault,2.85,moderate
12.976734,77.58119,Chickpet,0,3,65,chain_snatching,2.28,danger
12.957271,77.586884,Chickpet,20,5,81,harassment,1.64,danger
12.987431,77.597555,Shivajinagar,18,5,72,theft,1.11,danger
12.943928,77.648309,Bellandur,12,6,33,minor_dispute,4.65,safe
12.986967,77.749846,Whitefield,10,2,5,minor_dispute,4.92,safe
12.90334,77.661936,Bellandur,3,4,10,traffic_violation,4.87,safe
12.978077,77.603197,Shivajinagar,3,3,80,theft,1.18,danger
12.964365,77.585582,Chickpet,23,6,88,assault,1.43,danger
12.970769,77.56467,Chickpet,3,4,87,assault,1.79,danger
12.918178,77.54804,Jyothy_Institute,19,4,13,minor_dispute,4.67,safe
13.041854,77.554933,Yeshwanthpur,11,1,45,minor_assault,3.04,moderate
12.925158,77.595892,Jayanagar,20,0,46,trespassing,3.08,moderate
12.916886,77.55781,Jyothy_Institute,14,2,9,noise_complaint,4.53,safe
12.987872,77.568803,Majestic,19,5,80,chain_snatching,1.83,danger
12.994089,77.565366,Rajajinagar,23,0,50,vandalism,3.28,moderate
12.990535,77.605587,Shivajinagar,7,6,68,harassment,2.38,danger
12.979503,77.572217,Majestic,5,1,91,assault,1.6,danger
12.9207,77.61888,Koramangala,16,5,67,trespassing,3.27,moderate
12.827645,77.678664,Electronic_City,13,0,13,minor_assault,2.55,moderate
12.969141,77.598124,Shivajinagar,16,6,105,robbery,2.32,danger
12.938498,77.620017,Koramangala,19,4,70,vandalism,3.41,moderate
12.983171,77.569353,Majestic,12,1,86,robbery,1.96,danger
12.987864,77.743915,Whitefield,12,2,8,minor_dispute,4.32,safe
13.014894,77.565965,Yeshwanthpur,7,0,61,minor_assault,3.07,moderate
12.879986,77.599339,Bannerghatta,5,2,7,traffic_violation,4.82,safe
12.962953,77.581238,KR_Market,23,3,85,assault,1.42,danger
12.977549,77.540855,Rajajinagar,21,0,50,vandalism,2.86,moderate
13.035598,77.550832,Yeshwanthpur,16,0,69,minor_assault,2.74,moderate
12.952194,77.628121,Koramangala,6,3,63,theft,2.61,moderate
12.902349,77.654058,HSR_Layout,10,1,30,traffic_violation,3.79,safe
13.019947,77.541363,Yeshwanthpur,12,3,45,trespassing,3.38,moderate
12.840005,77.684982,Electronic_City,23,1,52,minor_assault,3.16,moderate
12.94386,77.667318,Bellandur,9,3,19,noise_complaint,3.78,safe
12.934445,77.647554,Bellandur,10,3,1,noise_complaint,5.0,safe
12.978262,77.580137,Majestic,2,3,81,theft,1.7,danger
12.95422,77.578528,KR_Market,20,3,76,harassment,1.72,danger
12.972039,77.570116,Majestic,20,2,107,robbery,1.87,danger
13.032251,77.622339,Hebbal,12,1,57,trespassing,3.05,moderate
13.022215,77.548574,Yeshwanthpur,4,0,34,minor_assault,2.87,moderate
12.963209,77.590777,KR_Market,20,4,95,robbery,1.02,danger
12.977826,77.564842,Majestic,19,1,94,harassment,1.0,danger
12.976313,77.605968,Shivajinagar,17,6,78,robbery,1.61,danger
12.966302,77.581317,Chickpet,21,5,84,harassment,1.79,danger
13.003341,77.587691,Shivajinagar,11,2,91,theft,2.27,danger
12.970565,77.571083,Majestic,23,4,80,robbery,1.36,danger
12.917117,77.626255,Koramangala,20,6,43,vandalism,2.62,moderate
12.905404,77.600568,Jayanagar,6,5,46,minor_assault,3.11,moderate
12.988289,77.623403,Indiranagar,21,4,28,traffic_violation,3.95,safe
12.984793,77.740447,Whitefield,12,5,12,traffic_violation,4.15,safe
12.826414,77.673053,Electronic_City,3,2,29,vandalism,3.24,moderate
12.865095,77.575236,Bannerghatta,14,0,18,traffic_violation,4.35,safe
13.009185,77.663033,KR_Puram,2,0,72,assault,1.81,danger
12.965997,77.624891,Indiranagar,11,1,10,traffic_violation,3.99,safe
12.915538,77.60034,Jayanagar,23,5,24,trespassing,3.23,moderate
12.994567,77.675842,KR_Puram,4,1,68,robbery,1.42,danger
12.976454,77.575604,Majestic,22,1,107,harassment,1.73,danger
12.948405,77.579287,KR_Market,20,4,88,robbery,1.13,danger
12.985628,77.636785,Indiranagar,15,6,1,noise_complaint,4.7,safe
12.987152,77.778603,Whitefield,13,0,0,traffic_violation,4.55,safe
12.975026,77.571997,Majestic,19,4,73,harassment,1.53,danger
12.969875,77.754885,Whitefield,12,0,10,minor_dispute,3.83,safe
13.04036,77.577876,Hebbal,5,0,52,vandalism,3.03,moderate
13.000279,77.551423,Rajajinagar,8,6,35,vandalism,3.13,moderate
12.913531,77.564534,Jyothy_Institute,12,0,18,minor_dispute,3.65,safe
12.916699,77.554567,Jyothy_Institute,21,2,12,traffic_violation,4.1,safe
12.98723,77.615412,Shivajinagar,3,1,90,assault,1.17,danger
12.976142,77.576683,Chickpet,17,0,78,robbery,2.27,danger
12.973906,77.573399,Majestic,22,0,89,chain_snatching,1.84,danger
12.976977,77.578294,Chickpet,16,4,90,harassment,1.87,danger
12.844143,77.583279,Bannerghatta,12,5,42,traffic_violation,3.69,safe
13.044319,77.548744,Yeshwanthpur,12,2,51,minor_assault,2.86,moderate
13.000724,77.681809,KR_Puram,22,5,70,assault,1.76,danger
12.999655,77.668925,KR_Puram,19,6,56,harassment,1.41,danger
12.96443,77.568501,KR_Market,22,6,89,robbery,1.24,danger
12.970332,77.577342,Chickpet,18,3,72,theft,2.39,danger
13.000249,77.658473,KR_Puram,3,4,64,assault,1.68,danger
12.968427,77.574446,Majestic,1,5,89,harassment,2.27,danger
12.975041,77.578365,KR_Market,17,6,93,assault,2.42,danger
12.936325,77.589718,Jayanagar,3,2,31,theft,3.48,moderate
12.913336,77.655511,HSR_Layout,7,3,23,minor_dispute,4.76,safe
12.994536,77.675444,KR_Puram,20,5,63,harassment,1.67,danger
12.993754,77.600005,Shivajinagar,19,0,56,assault,2.04,danger
13.001268,77.60976,Shivajinagar,17,5,81,chain_snatching,1.96,danger
12.934166,77.70803,Marathahalli,15,1,31,noise_complaint,3.88,safe
12.918642,77.555313,Jyothy_Institute,15,0,8,noise_complaint,4.17,safe
12.961699,77.569166,Chickpet,5,5,86,harassment,2.22,danger
12.9623,77.583542,KR_Market,20,5,79,robbery,1.6,danger
12.970985,77.573109,KR_Market,15,1,87,assault,1.03,danger
13.019053,77.540108,Yeshwanthpur,22,2,41,trespassing,2.5,moderate
12.985577,77.560301,Rajajinagar,20,5,63,vandalism,2.97,moderate
12.977929,77.584371,Majestic,21,1,102,assault,2.25,danger
12.982635,77.602991,Shivajinagar,0,2,81,harassment,1.88,danger
12.989533,77.552325,Rajajinagar,17,2,47,vandalism,3.05,moderate
12.925944,77.695022,Marathahalli,14,0,24,traffic_violation,4.14,safe
13.016016,77.663617,KR_Puram,6,1,62,harassment,1.43,danger
12.964579,77.583255,KR_Market,16,2,93,chain_snatching,2.33,danger
12.99061,77.580028,Majestic,16,2,89,assault,1.18,danger
12.972724,77.580587,Chickpet,9,6,87,robbery,2.13,danger
12.96766,77.569198,Chickpet,22,5,89,harassment,2.03,danger
12.969492,77.628806,Indiranagar,6,1,30,traffic_violation,4.78,safe
13.004108,77.684103,KR_Puram,16,1,66,robbery,2.05,danger
13.021445,77.671159,KR_Puram,16,0,71,chain_snatching,1.68,danger
12.993924,77.554007,Rajajinagar,16,4,76,vandalism,2.64,moderate
12.837204,77.682257,Electronic_City,11,5,46,theft,3.07,moderate
12.912176,77.605402,Koramangala,18,5,62,theft,2.73,moderate
13.000652,77.676156,KR_Puram,16,4,63,theft,2.21,danger
12.828947,77.617599,Bannerghatta,10,0,24,noise_complaint,4.01,safe
13.006484,77.664659,KR_Puram,2,5,64,robbery,1.72,danger
12.984984,77.550558,Rajajinagar,6,6,52,trespassing,3.34,moderate
12.93678,77.682267,Bellandur,14,2,27,minor_dispute,4.02,safe
12.974538,77.568703,Majestic,3,3,87,chain_snatching,1.08,danger
12.915331,77.556619,Jyothy_Institute,16,5,26,noise_complaint,3.77,safe
12.962434,77.587873,KR_Market,2,4,95,harassment,1.02,danger
12.983572,77.602958,Shivajinagar,11,0,72,assault,1.97,danger
13.009522,77.551046,Yeshwanthpur,14,6,40,minor_assault,3.44,moderate
12.855415,77.674165,Electronic_City,7,1,40,theft,3.45,moderate
12.823439,77.67792,Electronic_City,5,4,36,vandalism,2.97,moderate
12.999037,77.566966,Rajajinagar,19,3,58,trespassing,3.02,moderate
12.958916,77.560007,KR_Market,20,4,110,assault,1.44,danger
12.962722,77.578517,KR_Market,18,6,95,chain_snatching,2.37,danger
12.93573,77.582808,Jayanagar,19,3,61,vandalism,3.36,moderate
12.984727,77.623678,Indiranagar,8,3,17,noise_complaint,4.46,safe
12.957383,77.650176,Indiranagar,5,3,15,traffic_violation,4.76,safe
12.973615,77.590148,Chickpet,22,0,66,robbery,2.24,danger
12.981962,77.751949,Whitefield,3,3,0,noise_complaint,4.16,safe
12.906336,77.561365,Jyothy_Institute,12,5,19,minor_dispute,4.73,safe
13.029433,77.603411,Hebbal,12,1,53,minor_assault,3.06,moderate
12.961761,77.582802,Chickpet,21,2,84,assault,1.38,danger
12.972596,77.627472,Indiranagar,5,3,22,minor_dispute,3.89,safe
12.963949,77.579614,Chickpet,23,3,74,chain_snatching,1.21,danger
12.979666,77.561619,Majestic,16,3,78,assault,1.23,danger
12.961235,77.583453,KR_Market,16,1,66,robbery,1.28,danger
12.961867,77.577414,Chickpet,21,3,71,robbery,2.43,danger
13.004169,77.673044,KR_Puram,17,5,64,assault,1.65,danger
12.982537,77.596601,Shivajinagar,15,1,77,chain_snatching,1.43,danger
12.910414,77.612829,HSR_Layout,11,0,4,traffic_violation,4.77,safe
12.848281,77.602068,Bannerghatta,14,0,8,minor_dispute,4.84,safe
12.822751,77.665331,Electronic_City,0,2,36,vandalism,3.01,moderate
12.842162,77.581263,Bannerghatta,9,5,27,traffic_violation,4.28,safe
12.989886,77.583632,Shivajinagar,19,1,71,assault,2.3,danger
12.980654,77.603793,Shivajinagar,14,6,68,assault,2.02,danger
12.964588,77.573836,KR_Market,16,6,82,robbery,1.48,danger
12.8299,77.658996,Electronic_City,20,0,26,minor_assault,3.19,moderate
12.970642,77.571874,Chickpet,23,1,69,harassment,2.19,danger
13.014959,77.691685,KR_Puram,21,0,62,theft,2.35,danger
12.991671,77.569635,Rajajinagar,7,5,40,trespassing,3.31,moderate
13.008658,77.679632,KR_Puram,16,5,70,chain_snatching,1.6,danger
12.947027,77.623106,Koramangala,22,5,58,theft,2.56,moderate
12.962762,77.574865,KR_Market,19,0,79,harassment,2.46,danger
13.019988,77.541692,Yeshwanthpur,9,0,50,trespassing,3.37,moderate
12.996606,77.60132,Shivajinagar,16,0,57,theft,1.93,danger
12.959648,77.578906,KR_Market,16,6,83,assault,2.35,danger
12.975084,77.581473,Majestic,20,2,100,chain_snatching,1.8,danger
13.026807,77.603289,Hebbal,5,1,66,trespassing,3.17,moderate
12.83532,77.661187,Electronic_City,21,3,35,minor_assault,3.45,moderate
12.965132,77.630191,Indiranagar,10,3,29,traffic_violation,3.64,safe
12.980883,77.601993,Shivajinagar,23,0,86,robbery,1.92,danger
12.958455,77.760907,Whitefield,11,6,32,traffic_violation,4.66,safe
12.979884,77.584476,Majestic,19,2,90,harassment,1.76,danger
12.97831,77.656154,Indiranagar,14,1,0,traffic_violation,3.51,safe
12.933055,77.619873,HSR_Layout,9,2,31,noise_complaint,4.15,safe
12.916181,77.562404,Jyothy_Institute,12,5,12,noise_complaint,3.51,safe
12.983937,77.573297,Majestic,22,1,76,theft,1.88,danger
13.025606,77.540633,Yeshwanthpur,23,4,37,vandalism,2.98,moderate
12.974984,77.626301,Indiranagar,7,1,6,traffic_violation,3.74,safe
12.966456,77.574674,Chickpet,21,4,79,theft,2.16,danger
12.964945,77.568239,Chickpet,23,1,90,robbery,2.2,danger
12.962076,77.57638,Chickpet,20,0,81,harassment,1.09,danger
12.928165,77.612226,Jayanagar,16,0,71,vandalism,2.55,moderate
12.953366,77.575451,KR_Market,15,6,78,theft,1.9,danger
12.986281,77.626443,Indiranagar,8,0,10,noise_complaint,4.53,safe
12.998581,77.669319,KR_Puram,23,0,65,chain_snatching,1.48,danger
12.988622,77.57999,Majestic,22,1,86,assault,2.01,danger
12.969763,77.572386,KR_Market,7,2,92,theft,2.08,danger
12.921865,77.560232,Jyothy_Institute,10,1,8,noise_complaint,3.88,safe
12.925152,77.60132,Koramangala,17,1,55,trespassing,2.66,moderate
12.939713,77.699799,Bellandur,14,6,27,minor_dispute,3.9,safe
12.945161,77.687576,Marathahalli,14,2,14,noise_complaint,3.62,safe
12.984744,77.596892,Shivajinagar,18,2,87,robbery,1.81,danger
12.925128,77.558879,Jyothy_Institute,9,2,14,traffic_violation,3.63,safe
12.916153,77.562473,Jyothy_Institute,16,6,21,noise_complaint,4.5,safe
12.95989,77.773307,Whitefield,17,6,1,traffic_violation,4.96,safe
12.994301,77.544962,Rajajinagar,21,4,60,minor_assault,2.53,moderate
12.846039,77.679459,Electronic_City,15,0,44,theft,2.98,moderate
12.832024,77.600011,Bannerghatta,9,1,17,traffic_violation,3.96,safe
12.85024,77.673299,Electronic_City,14,2,35,theft,2.67,moderate
13.042483,77.596429,Hebbal,3,2,63,theft,2.74,moderate
12.979066,77.569547,Majestic,19,1,89,theft,1.32,danger
12.993639,77.648207,Indiranagar,13,1,25,traffic_violation,4.78,safe
12.938736,77.608182,Jayanagar,10,2,36,vandalism,2.71,moderate
12.944317,77.587132,Jayanagar,22,6,63,minor_assault,3.35,moderate
13.015126,77.567503,Rajajinagar,0,0,43,minor_assault,3.47,moderate
12.983948,77.570658,Majestic,16,2,81,theft,1.37,danger
12.864848,77.584176,Bannerghatta,14,2,0,noise_complaint,3.52,safe
12.920414,77.5535,Jyothy_Institute,9,5,7,minor_dispute,4.42,safe
12.969393,77.576831,Chickpet,18,1,87,theft,2.2,danger
12.985227,77.578702,Majestic,16,0,82,assault,1.61,danger
12.972126,77.609108,Shivajinagar,16,0,69,chain_snatching,1.6,danger
13.027095,77.569428,Yeshwanthpur,10,4,44,minor_assault,3.08,moderate
13.023206,77.543637,Yeshwanthpur,22,5,44,trespassing,2.92,moderate
12.956995,77.579977,KR_Market,1,5,89,robbery,1.16,danger
12.959124,77.627887,Koramangala,5,2,42,theft,3.16,moderate
12.97483,77.574542,Majestic,22,1,99,assault,1.82,danger
12.961965,77.571691,KR_Market,18,6,85,robbery,1.84,danger
12.95489,77.748562,Whitefield,5,5,30,noise_complaint,4.64,safe
12.95177,77.579924,KR_Market,11,3,69,harassment,1.4,danger
12.978768,77.556844,Majestic,21,5,90,harassment,1.71,danger
12.962993,77.588508,KR_Market,19,1,87,assault,1.73,danger
12.934512,77.607802,Jayanagar,17,2,44,minor_assault,3.22,moderate
12.958797,77.587135,KR_Market,0,5,77,chain_snatching,1.07,danger
12.922555,77.594013,Jayanagar,11,5,50,minor_assault,2.91,moderate
12.912057,77.559802,Jyothy_Institute,14,6,12,minor_dispute,3.59,safe
12.921409,77.5647,Jyothy_Institute,9,5,0,traffic_violation,4.51,safe
12.97194,77.624595,Indiranagar,16,4,21,noise_complaint,3.62,safe
12.993944,77.53017,Rajajinagar,12,5,67,vandalism,2.88,moderate
12.930605,77.618114,Koramangala,2,2,59,vandalism,2.65,moderate
12.966024,77.571529,Chickpet,21,6,90,robbery,1.68,danger
12.970192,77.584281,Chickpet,14,1,70,chain_snatching,1.2,danger
12.943886,77.692028,Marathahalli,14,4,9,minor_dispute,4.11,safe
12.992056,77.610194,Shivajinagar,7,0,84,assault,1.96,danger
12.965476,77.574546,Chickpet,11,4,95,harassment,1.25,danger
12.999608,77.664957,KR_Puram,2,6,82,robbery,1.59,danger
12.871365,77.59674,Bannerghatta,8,3,9,traffic_violation,4.89,safe
12.934099,77.608198,Jayanagar,17,1,31,minor_assault,2.8,moderate
12.847898,77.666588,Electronic_City,5,3,63,trespassing,2.89,moderate
12.961647,77.584641,KR_Market,17,6,89,harassment,1.71,danger
12.967043,77.563545,KR_Market,21,5,67,theft,1.17,danger
13.021666,77.557015,Yeshwanthpur,2,0,36,vandalism,2.72,moderate
12.922742,77.590614,Jayanagar,10,1,44,theft,2.65,moderate
12.944609,77.620991,Jayanagar,18,5,44,trespassing,2.65,moderate
13.002723,77.671291,KR_Puram,23,5,42,assault,2.43,danger
12.953142,77.699643,Marathahalli,7,4,17,minor_dispute,5.0,safe
12.946165,77.626997,Koramangala,8,5,49,minor_assault,3.2,moderate
12.982009,77.608681,Shivajinagar,22,5,87,robbery,1.89,danger
12.924499,77.62109,Koramangala,10,4,65,minor_assault,3.17,moderate
12.978638,77.565248,Majestic,0,3,106,theft,1.81,danger
12.964721,77.653128,Indiranagar,7,5,4,noise_complaint,4.61,safe
12.977029,77.606996,Shivajinagar,17,1,80,robbery,1.61,danger
13.005861,77.553381,Rajajinagar,13,1,62,minor_assault,2.61,moderate
12.821104,77.606736,Bannerghatta,14,4,11,traffic_violation,4.65,safe
12.967191,77.553156,Rajajinagar,23,0,59,minor_assault,3.48,moderate
12.983197,77.549887,Rajajinagar,3,0,51,trespassing,3.09,moderate
12.840403,77.670675,Electronic_City,14,5,25,vandalism,3.37,moderate
12.842987,77.577688,Bannerghatta,11,2,34,minor_dispute,4.61,safe
12.980498,77.586887,Shivajinagar,11,6,79,robbery,2.17,danger
12.961219,77.582371,KR_Market,3,0,86,robbery,1.76,danger
12.964214,77.571398,Chickpet,23,4,85,robbery,1.48,danger
12.959255,77.576461,KR_Market,23,5,80,robbery,2.24,danger
12.827274,77.69165,Electronic_City,22,3,50,vandalism,2.89,moderate
12.981592,77.574247,Majestic,7,5,68,robbery,2.32,danger
12.863643,77.682628,Electronic_City,5,1,35,vandalism,3.28,moderate
12.983229,77.555667,Majestic,6,2,80,theft,1.76,danger
12.990769,77.584281,Shivajinagar,18,4,69,harassment,1.68,danger
12.95592,77.573466,KR_Market,16,0,84,robbery,2.02,danger
12.913912,77.581509,Jayanagar,22,2,38,vandalism,3.09,moderate
12.922955,77.56163,Jyothy_Institute,21,3,17,noise_complaint,4.29,safe
12.929487,77.641873,HSR_Layout,15,3,7,traffic_violation,4.73,safe
12.985096,77.557417,Rajajinagar,3,4,60,vandalism,3.0,moderate
12.875021,77.593416,Bannerghatta,14,4,8,minor_dispute,4.03,safe
12.968736,77.565958,Majestic,4,0,92,chain_snatching,2.15,danger
12.909803,77.567406,Jyothy_Institute,11,6,22,traffic_violation,4.26,safe
12.842251,77.68973,Electronic_City,12,1,34,minor_assault,2.62,moderate
12.962051,77.575132,Chickpet,6,4,99,assault,1.44,danger
12.979295,77.57679,Rajajinagar,8,3,54,vandalism,2.64,moderate
12.982113,77.581124,Majestic,7,0,96,chain_snatching,1.59,danger
12.930354,77.590937,Jayanagar,22,1,60,vandalism,2.93,moderate
12.950931,77.57776,KR_Market,22,5,80,harassment,1.68,danger
12.92651,77.587634,Jayanagar,18,2,44,vandalism,2.56,moderate
12.993348,77.661896,KR_Puram,16,6,65,assault,1.33,danger
12.9391,77.605139,Jayanagar,4,2,44,theft,2.54,moderate
12.968742,77.578209,KR_Market,3,5,84,theft,1.72,danger
12.972678,77.568361,Majestic,4,0,85,harassment,1.92,danger
12.967476,77.592953,Shivajinagar,18,2,104,chain_snatching,1.45,danger
12.97539,77.668969,Indiranagar,15,1,24,traffic_violation,3.99,safe
12.837913,77.658127,Electronic_City,11,3,43,theft,2.6,moderate
12.94411,77.602982,Koramangala,21,5,49,vandalism,3.2,moderate
12.844957,77.56615,Bannerghatta,14,4,4,noise_complaint,4.84,safe
12.905085,77.602266,Jayanagar,2,5,77,theft,2.71,moderate
12.961146,77.772681,Whitefield,17,5,9,traffic_violation,4.16,safe
12.983283,77.772225,Whitefield,15,4,23,minor_dispute,4.1,safe
13.047627,77.585406,Hebbal,4,3,69,minor_assault,3.16,moderate
12.981239,77.575478,Chickpet,18,0,80,robbery,1.29,danger
12.940182,77.695808,Bellandur,7,6,11,traffic_violation,4.38,safe
12.952963,77.577192,Jayanagar,20,0,29,minor_assault,3.46,moderate
12.958681,77.587612,KR_Market,18,3,75,robbery,1.37,danger
12.975243,77.60422,Shivajinagar,23,3,79,harassment,1.05,danger
12.85381,77.607876,Bannerghatta,14,5,6,traffic_violation,3.65,safe
13.018779,77.659826,KR_Puram,17,3,89,harassment,2.37,danger
12.976454,77.567978,Chickpet,21,6,82,harassment,2.23,danger
12.981993,77.598051,Shivajinagar,18,2,69,theft,1.42,danger
12.955332,77.569553,KR_Market,18,0,107,theft,1.0,danger
13.018146,77.559251,Yeshwanthpur,8,3,41,minor_assault,2.96,moderate
12.845256,77.573891,Bannerghatta,10,2,8,noise_complaint,4.26,safe
13.042378,77.545019,Yeshwanthpur,14,0,61,trespassing,2.77,moderate
13.023615,77.582978,Hebbal,2,3,43,trespassing,3.35,moderate
12.976182,77.57077,Majestic,17,3,94,assault,1.7,danger
12.979084,77.564622,Majestic,1,6,91,robbery,1.54,danger
12.976073,77.576866,Chickpet,6,1,69,harassment,1.69,danger
12.904206,77.58515,Jayanagar,7,5,22,trespassing,3.21,moderate
12.912967,77.592383,Jayanagar,23,1,48,trespassing,3.17,moderate
12.999604,77.55796,Rajajinagar,20,4,54,vandalism,2.86,moderate
12.962231,77.569397,KR_Market,13,3,90,chain_snatching,1.81,danger
13.017669,77.668812,KR_Puram,10,6,68,assault,1.1,danger
12.916145,77.554977,Jyothy_Institute,14,4,26,minor_dispute,4.03,safe
12.96417,77.581367,Chickpet,21,5,85,harassment,2.22,danger
12.973913,77.567017,Majestic,17,0,80,assault,1.01,danger
13.035947,77.600139,Hebbal,21,2,37,minor_assault,2.54,moderate
12.975137,77.736414,Whitefield,3,2,29,noise_complaint,3.65,safe
12.981954,77.576188,Majestic,13,2,88,assault,1.05,danger
12.981161,77.566258,Majestic,14,1,90,robbery,2.45,danger
12.993354,77.59657,Shivajinagar,7,5,73,chain_snatching,1.11,danger
12.967691,77.565864,KR_Market,21,5,93,harassment,2.17,danger
12.999868,77.66282,KR_Puram,20,1,50,chain_snatching,1.87,danger
12.951804,77.567928,Chickpet,21,1,80,assault,1.06,danger
12.959247,77.564293,Majestic,6,6,87,harassment,1.65,danger
12.92385,77.622896,Koramangala,3,0,45,trespassing,2.74,moderate
13.028297,77.549496,Yeshwanthpur,22,4,61,vandalism,2.94,moderate
12.994361,77.610639,Shivajinagar,19,4,78,robbery,1.76,danger
12.962391,77.733162,Whitefield,10,0,17,minor_dispute,3.51,safe
12.977919,77.607022,Shivajinagar,10,6,62,assault,2.33,danger
12.975162,77.610373,Shivajinagar,10,1,63,robbery,2.2,danger
12.926959,77.662093,HSR_Layout,15,2,19,noise_complaint,3.73,safe
12.987109,77.557065,Rajajinagar,5,2,42,minor_assault,3.33,moderate
12.833336,77.69109,Electronic_City,21,2,46,theft,3.46,moderate
12.988961,77.585382,Shivajinagar,21,1,72,robbery,1.21,danger
12.980136,77.582202,Majestic,20,6,95,assault,1.53,danger
12.960916,77.580815,KR_Market,20,5,76,assault,2.48,danger
12.943626,77.643247,Koramangala,14,6,79,minor_assault,3.29,moderate
12.915337,77.596201,Jayanagar,14,2,55,minor_assault,2.74,moderate
12.956866,77.584886,KR_Market,23,0,79,assault,2.04,danger
12.997035,77.653269,KR_Puram,3,6,78,assault,1.92,danger
12.83404,77.683038,Electronic_City,4,1,46,minor_assault,3.34,moderate
12.859679,77.681731,Electronic_City,16,4,24,trespassing,2.75,moderate
12.927994,77.584647,Koramangala,4,3,44,theft,3.29,moderate
12.963767,77.579329,Chickpet,19,4,76,harassment,1.02,danger
12.986903,77.597127,Shivajinagar,17,6,64,harassment,1.32,danger
12.977623,77.597045,Shivajinagar,21,6,62,assault,1.75,danger
12.927203,77.576903,Jayanagar,19,1,29,vandalism,3.37,moderate
12.853838,77.5513,Bannerghatta,20,6,0,noise_complaint,4.41,safe
12.921388,77.56102,Jyothy_Institute,19,4,29,minor_dispute,4.79,safe
12.979912,77.573103,Chickpet,5,6,87,chain_snatching,1.02,danger
12.98744,77.64043,Indiranagar,7,0,28,traffic_violation,4.2,safe
12.984526,77.634312,Indiranagar,13,1,30,traffic_violation,3.76,safe
12.966884,77.578534,Chickpet,22,0,100,theft,1.05,danger
13.00338,77.605294,Shivajinagar,23,1,71,harassment,1.94,danger
13.006145,77.666915,KR_Puram,17,4,79,chain_snatching,1.21,danger
12.915537,77.584809,Jayanagar,17,5,64,trespassing,2.56,moderate
12.964524,77.563933,Majestic,0,3,94,theft,1.77,danger
12.920829,77.617044,Koramangala,2,0,61,trespassing,3.3,moderate
13.025886,77.596397,Hebbal,14,5,44,vandalism,2.79,moderate
12.989015,77.592577,Shivajinagar,21,4,76,theft,2.28,danger
13.011372,77.659739,KR_Puram,20,6,90,harassment,1.2,danger
12.949427,77.711021,Marathahalli,8,4,30,noise_complaint,4.55,safe
12.977139,77.551285,Rajajinagar,22,4,33,theft,3.38,moderate
12.94094,77.755773,Whitefield,19,5,10,traffic_violation,4.94,safe
12.951744,77.569651,KR_Market,14,5,69,harassment,2.48,danger
13.05184,77.606772,Hebbal,18,6,81,minor_assault,3.28,moderate
12.953316,77.653105,Bellandur,8,4,8,noise_complaint,4.83,safe
13.042814,77.576099,Hebbal,6,6,43,minor_assault,3.17,moderate
12.908276,77.595543,Jayanagar,4,3,54,trespassing,3.32,moderate
12.97711,77.578039,Chickpet,18,2,61,robbery,1.29,danger
12.984214,77.569432,Majestic,4,5,93,theft,1.8,danger
12.972243,77.576179,Majestic,19,5,87,harassment,1.86,danger
12.869272,77.684347,Electronic_City,16,0,49,vandalism,3.47,moderate
12.999701,77.706785,Marathahalli,8,5,30,traffic_violation,4.93,safe
12.966465,77.57847,KR_Market,21,2,86,theft,2.03,danger
13.01917,77.595114,Hebbal,10,2,48,theft,3.24,moderate
13.055599,77.58595,Hebbal,3,6,52,theft,3.08,moderate
12.874124,77.655844,Electronic_City,14,3,44,theft,3.19,moderate
12.969954,77.574026,KR_Market,2,1,75,chain_snatching,1.2,danger
12.964357,77.572516,Chickpet,11,5,78,chain_snatching,2.38,danger
13.004126,77.669373,KR_Puram,17,4,81,assault,2.12,danger
13.010336,77.686815,KR_Puram,23,0,72,chain_snatching,1.61,danger
12.925431,77.615505,Koramangala,15,2,50,vandalism,2.89,moderate
12.924095,77.611853,Koramangala,11,5,57,trespassing,3.44,moderate
12.993727,77.658108,Indiranagar,14,3,19,minor_dispute,4.7,safe
12.942443,77.683205,Bellandur,12,4,10,noise_complaint,4.37,safe
12.94163,77.71467,Marathahalli,10,5,21,minor_dispute,4.13,safe
12.991306,77.589747,Shivajinagar,15,3,77,robbery,1.46,danger
12.996443,77.659275,KR_Puram,18,4,85,chain_snatching,1.32,danger
12.962346,77.574897,KR_Market,23,3,99,chain_snatching,1.4,danger
12.980645,77.656979,Indiranagar,2,4,14,traffic_violation,4.33,safe
12.965773,77.716236,Whitefield,18,4,22,minor_dispute,4.77,safe
12.917804,77.684844,Bellandur,12,0,37,noise_complaint,3.54,safe
12.9637,77.567462,Chickpet,23,3,68,harassment,2.5,danger
12.949337,77.694396,Marathahalli,18,1,26,traffic_violation,4.13,safe
12.956745,77.593189,KR_Market,2,5,85,assault,1.82,danger
12.968123,77.574975,Chickpet,0,1,87,chain_snatching,2.44,danger
13.004702,77.673246,KR_Puram,22,1,66,robbery,1.79,danger
12.983845,77.56357,Rajajinagar,21,4,48,theft,3.24,moderate
12.966382,77.570616,Chickpet,22,2,77,chain_snatching,1.45,danger
12.959199,77.576153,Chickpet,21,1,80,assault,1.83,danger
12.928686,77.657605,Koramangala,0,5,47,trespassing,2.98,moderate
13.000202,77.637553,KR_Puram,16,3,84,robbery,1.78,danger
12.988791,77.608198,Shivajinagar,5,0,58,harassment,1.75,danger
13.052655,77.58977,Hebbal,15,6,44,theft,3.19,moderate
12.96636,77.5837,KR_Market,22,6,98,harassment,1.05,danger
12.980156,77.653012,Indiranagar,13,6,27,noise_complaint,3.79,safe
12.988639,77.592789,Shivajinagar,21,6,74,harassment,1.67,danger
13.013566,77.663762,KR_Puram,20,1,76,harassment,1.58,danger
12.856106,77.671751,Electronic_City,1,2,24,vandalism,2.93,moderate
12.954156,77.753127,Whitefield,17,4,25,minor_dispute,4.81,safe
12.949279,77.624511,Koramangala,4,4,42,vandalism,2.62,moderate
12.924729,77.599714,Jayanagar,5,1,51,minor_assault,3.04,moderate
13.014414,77.538765,Yeshwanthpur,18,0,51,vandalism,3.08,moderate
12.912668,77.685366,Bellandur,14,0,37,noise_complaint,4.75,safe
12.956762,77.572598,KR_Market,23,6,78,harassment,2.28,danger
12.989217,77.591887,Shivajinagar,18,4,77,assault,2.35,danger
12.960871,77.705842,Marathahalli,7,6,41,minor_dispute,3.82,safe
12.967424,77.573812,Chickpet,22,5,72,assault,2.25,danger
12.960087,77.574516,Chickpet,18,3,110,chain_snatching,1.55,danger
12.993138,77.591935,Shivajinagar,3,5,61,chain_snatching,2.19,danger
12.969877,77.575394,Chickpet,20,6,69,chain_snatching,2.19,danger
12.991047,77.569299,Majestic,17,2,80,harassment,1.56,danger
12.994113,77.555959,Rajajinagar,7,1,51,theft,3.24,moderate
12.82769,77.667851,Electronic_City,23,0,46,trespassing,3.14,moderate
12.981605,77.779494,Whitefield,14,3,12,traffic_violation,4.7,safe
12.970468,77.589345,Shivajinagar,18,4,77,theft,2.13,danger
12.965534,77.632623,Indiranagar,14,1,25,minor_dispute,4.29,safe
12.901211,77.603932,Jayanagar,18,1,49,theft,2.89,moderate
13.034665,77.594213,Hebbal,10,3,62,vandalism,2.63,moderate
12.968267,77.566803,Chickpet,19,2,99,robbery,1.75,danger
13.045142,77.550942,Yeshwanthpur,19,4,41,trespassing,2.58,moderate
12.966649,77.572002,KR_Market,23,0,92,theft,1.09,danger
12.925611,77.612947,Koramangala,7,6,48,theft,3.4,moderate
12.996561,77.602294,Shivajinagar,23,4,74,robbery,2.15,danger
12.993629,77.611149,Shivajinagar,3,1,72,chain_snatching,2.13,danger
12.96898,77.58377,Chickpet,14,0,52,theft,1.05,danger
12.817304,77.696233,Electronic_City,7,5,32,minor_assault,3.27,moderate
12.954484,77.578727,KR_Market,21,5,102,harassment,1.76,danger
13.050698,77.608506,Hebbal,11,2,39,minor_assault,3.34,moderate
12.980905,77.597649,Shivajinagar,23,4,89,robbery,1.42,danger
12.934822,77.626967,Koramangala,8,1,34,trespassing,3.01,moderate
12.984338,77.5708,Chickpet,2,4,77,robbery,2.16,danger
12.960249,77.563682,KR_Market,23,4,73,robbery,1.36,danger
12.968381,77.670831,Indiranagar,15,0,39,traffic_violation,4.41,safe
12.977827,77.579821,Majestic,3,3,85,theft,1.55,danger
12.970375,77.575288,KR_Market,23,2,84,chain_snatching,2.26,danger
12.986346,77.540196,Rajajinagar,14,4,40,trespassing,3.26,moderate
12.935758,77.626611,Koramangala,8,0,31,vandalism,2.59,moderate
13.003948,77.604679,Shivajinagar,22,5,60,robbery,1.95,danger
12.92719,77.705838,Marathahalli,7,2,12,minor_dispute,4.77,safe
12.990549,77.54266,Rajajinagar,19,3,66,theft,2.58,moderate
12.937923,77.589945,Jayanagar,0,6,34,trespassing,3.0,moderate
12.951355,77.768594,Whitefield,14,1,24,noise_complaint,4.97,safe
12.990877,77.550712,Rajajinagar,3,0,67,minor_assault,3.19,moderate
13.018168,77.593368,Hebbal,7,3,41,trespassing,2.68,moderate
13.002037,77.655898,KR_Puram,23,1,72,chain_snatching,2.07,danger
13.000441,77.672621,KR_Puram,18,4,66,assault,1.74,danger
12.991053,77.650107,KR_Puram,9,3,74,assault,2.0,danger
12.968505,77.583747,KR_Market,23,5,89,theft,1.46,danger
13.027212,77.545344,Yeshwanthpur,9,3,64,theft,2.61,moderate
12.922041,77.590824,Jayanagar,13,4,44,trespassing,3.13,moderate
12.919007,77.563624,Jyothy_Institute,9,2,2,traffic_violation,3.97,safe
12.972107,77.572473,Chickpet,14,2,64,harassment,1.05,danger
12.961468,77.578369,Chickpet,16,5,68,chain_snatching,2.11,danger
12.866565,77.682059,Electronic_City,8,2,44,minor_assault,3.32,moderate
12.932181,77.652278,Koramangala,6,4,52,minor_assault,3.07,moderate
12.980243,77.60858,Shivajinagar,22,2,76,assault,2.44,danger
12.978284,77.576202,Chickpet,22,6,71,harassment,1.23,danger
12.975985,77.573318,KR_Market,20,3,74,harassment,1.99,danger
12.977023,77.564092,KR_Market,22,0,94,harassment,2.17,danger
12.99067,77.593069,Majestic,16,0,77,robbery,2.21,danger
12.988454,77.673579,KR_Puram,23,1,75,chain_snatching,2.06,danger
13.02423,77.551359,Yeshwanthpur,6,6,35,trespassing,2.85,moderate
13.040966,77.598423,Hebbal,6,0,50,vandalism,2.92,moderate
12.957078,77.588664,KR_Market,23,0,79,theft,2.18,danger
13.032384,77.537426,Yeshwanthpur,17,3,44,vandalism,2.89,moderate
12.961452,77.560718,KR_Market,21,1,91,robbery,1.68,danger
12.818175,77.667873,Electronic_City,22,4,44,theft,2.64,moderate
12.990934,77.612623,Shivajinagar,22,5,70,assault,1.31,danger
12.852399,77.660759,Electronic_City,7,2,37,theft,2.79,moderate
12.905751,77.675152,Bellandur,9,3,25,traffic_violation,4.06,safe
12.982177,77.682692,KR_Puram,13,2,75,theft,1.24,danger
12.855251,77.617244,Bannerghatta,8,3,3,noise_complaint,3.52,safe
12.962341,77.577717,KR_Market,12,3,73,robbery,2.15,danger
12.983311,77.551624,Rajajinagar,5,0,80,vandalism,3.17,moderate
12.956902,77.578712,KR_Market,22,6,86,assault,2.14,danger
12.978801,77.603118,Shivajinagar,18,3,62,assault,1.79,danger
12.996779,77.553731,Rajajinagar,18,2,58,minor_assault,3.39,moderate
13.021809,77.672909,KR_Puram,17,3,63,theft,1.9,danger
12.939179,77.610799,Koramangala,11,6,57,trespassing,2.6,moderate
13.016963,77.547648,Yeshwanthpur,0,5,48,minor_assault,2.65,moderate
12.829124,77.620432,Bannerghatta,7,6,15,traffic_violation,4.32,safe
12.950165,77.62668,Koramangala,20,4,59,trespassing,3.1,moderate
13.000265,77.65541,KR_Puram,18,5,67,robbery,2.09,danger
13.030741,77.599345,Hebbal,22,2,33,trespassing,2.52,moderate
12.978267,77.579611,Chickpet,23,0,88,chain_snatching,1.38,danger
12.954487,77.574751,KR_Market,19,5,94,assault,1.25,danger
12.964206,77.578023,Chickpet,17,0,86,chain_snatching,1.44,danger
12.978547,77.560629,Majestic,20,1,84,theft,2.23,danger
12.97896,77.559935,KR_Market,22,1,84,chain_snatching,2.14,danger
12.976205,77.648933,Indiranagar,13,2,25,noise_complaint,4.61,safe
12.956113,77.57234,Chickpet,18,5,96,chain_snatching,1.38,danger
12.993936,77.616232,Shivajinagar,20,4,77,assault,2.44,danger
12.99572,77.599678,Shivajinagar,17,5,81,assault,1.73,danger
12.987339,77.579779,KR_Market,18,0,101,chain_snatching,2.31,danger
13.003528,77.659409,KR_Puram,19,6,75,assault,1.36,danger
13.019099,77.668336,KR_Puram,21,1,65,theft,1.3,danger
12.94005,77.568109,KR_Market,3,6,84,assault,2.36,danger
12.961601,77.58213,KR_Market,16,3,77,assault,1.85,danger
12.97882,77.60768,Shivajinagar,17,0,69,chain_snatching,2.13,danger
12.975949,77.570993,KR_Market,0,5,81,harassment,1.14,danger
13.029362,77.594745,Hebbal,18,0,36,trespassing,3.08,moderate
12.960266,77.57309,Chickpet,0,0,89,robbery,1.37,danger
12.970259,77.578674,Chickpet,20,6,64,theft,2.19,danger
12.919444,77.588217,Jayanagar,11,0,45,vandalism,3.39,moderate
12.870421,77.689323,Electronic_City,8,0,47,minor_assault,3.37,moderate
12.87856,77.612768,Bannerghatta,13,1,15,traffic_violation,3.82,safe
13.002309,77.67111,KR_Puram,20,6,73,robbery,2.05,danger
12.965234,77.570261,KR_Market,12,2,89,harassment,1.27,danger
13.024773,77.545545,Yeshwanthpur,5,2,50,vandalism,2.86,moderate
12.965984,77.584138,KR_Market,22,2,76,assault,1.23,danger
12.91246,77.653434,Bellandur,10,3,10,minor_dispute,4.52,safe
13.004287,77.596772,Shivajinagar,22,2,74,theft,1.3,danger
13.034657,77.550147,Yeshwanthpur,12,3,43,trespassing,3.45,moderate
13.065202,77.577532,Hebbal,12,5,37,vandalism,3.32,moderate
12.972057,77.570831,Majestic,2,5,84,robbery,2.06,danger
13.013505,77.658554,KR_Puram,22,6,76,theft,2.46,danger
12.970435,77.567143,Majestic,1,0,88,robbery,1.59,danger
12.98582,77.544276,Rajajinagar,20,4,52,vandalism,2.53,moderate
12.976054,77.562264,Majestic,21,3,82,assault,1.77,danger
12.929232,77.620586,Koramangala,20,4,42,vandalism,2.54,moderate
13.00169,77.662119,KR_Puram,13,2,71,assault,1.98,danger
12.96114,77.795169,Whitefield,16,6,0,minor_dispute,4.63,safe
12.98535,77.563803,Majestic,21,1,90,theft,1.81,danger
13.000992,77.556489,Rajajinagar,6,1,56,theft,3.07,moderate
12.97576,77.577532,Chickpet,5,6,78,assault,1.64,danger
12.909535,77.555791,Jyothy_Institute,16,1,14,traffic_violation,4.43,safe
12.832103,77.679827,Electronic_City,18,3,45,vandalism,3.25,moderate
12.934128,77.641968,Koramangala,10,4,46,theft,3.4,moderate
12.974169,77.574089,Majestic,15,3,94,chain_snatching,1.57,danger
12.959497,77.641987,Indiranagar,14,1,18,minor_dispute,4.63,safe
13.037571,77.552945,Yeshwanthpur,21,1,37,trespassing,3.12,moderate
12.949296,77.576597,KR_Market,22,6,100,chain_snatching,1.89,danger
12.83487,77.678818,Electronic_City,13,6,53,minor_assault,3.27,moderate
12.922354,77.622793,HSR_Layout,17,4,4,noise_complaint,4.55,safe
12.96528,77.586308,KR_Market,4,4,79,robbery,2.24,danger
12.928457,77.605194,Jayanagar,22,4,22,theft,3.49,moderate
12.989558,77.553985,Rajajinagar,21,5,52,trespassing,2.74,moderate
12.976165,77.570267,Majestic,4,4,92,chain_snatching,1.2,danger
12.986824,77.603162,Shivajinagar,12,3,66,assault,1.46,danger
13.014293,77.663498,KR_Puram,20,0,40,theft,1.5,danger
12.961494,77.580351,KR_Market,15,5,81,robbery,1.89,danger
12.907516,77.679716,Bellandur,12,6,9,traffic_violation,3.68,safe
12.928981,77.580354,Jayanagar,13,6,62,theft,2.52,moderate
12.969844,77.695758,Marathahalli,10,2,25,noise_complaint,4.99,safe
12.943557,77.686067,Bellandur,14,4,40,traffic_violation,3.66,safe
13.041367,77.549759,Yeshwanthpur,3,6,39,trespassing,2.55,moderate
12.985756,77.600647,Shivajinagar,3,6,57,theft,1.75,danger
12.973472,77.576596,Majestic,20,0,85,harassment,1.87,danger
12.96818,77.574956,Chickpet,10,6,68,assault,1.89,danger
12.958152,77.629189,Indiranagar,10,3,14,minor_dispute,4.08,safe
12.831664,77.670629,Electronic_City,11,2,33,vandalism,2.58,moderate
12.860118,77.624636,Bannerghatta,9,4,29,traffic_violation,4.53,safe
12.979498,77.563634,Chickpet,14,5,86,theft,1.88,danger
12.826361,77.681596,Electronic_City,20,0,35,theft,2.81,moderate
13.015385,77.664211,KR_Puram,20,2,62,robbery,1.34,danger
12.908524,77.563494,Jyothy_Institute,17,4,7,traffic_violation,3.75,safe
12.985603,77.570553,Majestic,16,0,101,harassment,2.3,danger
12.801976,77.660963,Electronic_City,23,0,50,vandalism,3.15,moderate
12.97868,77.599221,Shivajinagar,7,6,63,theft,1.66,danger
13.003271,77.669146,KR_Puram,16,4,72,theft,1.27,danger
12.976481,77.570622,Chickpet,22,1,89,chain_snatching,2.24,danger
12.906585,77.636302,HSR_Layout,17,3,25,traffic_violation,3.83,safe
12.922891,77.591288,Jayanagar,14,3,47,theft,2.57,moderate
13.02724,77.583518,Hebbal,17,1,59,theft,2.75,moderate
12.914428,77.550451,Jyothy_Institute,3,2,12,traffic_violation,4.92,safe
12.985305,77.590286,Shivajinagar,17,2,87,assault,1.73,danger
13.009728,77.640775,KR_Puram,5,6,63,chain_snatching,2.4,danger
12.970412,77.567732,Majestic,12,6,82,chain_snatching,1.86,danger
13.02598,77.555092,Yeshwanthpur,17,3,54,vandalism,2.91,moderate
12.907601,77.560072,Jyothy_Institute,9,0,26,traffic_violation,4.91,safe
12.836293,77.68299,Electronic_City,8,1,31,minor_assault,2.8,moderate
12.979224,77.560989,Majestic,16,1,77,assault,1.9,danger
12.839961,77.604891,Bannerghatta,15,3,15,minor_dispute,4.57,safe
12.928493,77.603223,Jayanagar,4,6,50,vandalism,2.58,moderate
13.033277,77.547479,Yeshwanthpur,8,4,39,theft,3.3,moderate
12.942557,77.709741,Marathahalli,11,3,25,minor_dispute,4.24,safe
12.972166,77.604545,Shivajinagar,13,4,68,harassment,1.2,danger
12.958889,77.573512,KR_Market,3,5,77,chain_snatching,2.35,danger
13.021047,77.667382,KR_Puram,22,5,71,harassment,1.27,danger
12.979007,77.572874,Majestic,20,1,94,robbery,2.13,danger
12.994976,77.603578,Shivajinagar,16,4,93,theft,2.36,danger
12.920833,77.560637,Jyothy_Institute,15,5,4,minor_dispute,3.88,safe
12.965,77.566194,KR_Market,9,0,78,robbery,1.41,danger
12.995609,77.602842,Shivajinagar,21,5,73,harassment,1.12,danger
12.929087,77.644921,HSR_Layout,8,6,9,traffic_violation,4.56,safe
12.975137,77.580226,Chickpet,21,5,84,robbery,2.08,danger
12.997793,77.646103,Indiranagar,18,2,24,noise_complaint,4.82,safe
12.93025,77.626683,Koramangala,4,4,60,minor_assault,2.98,moderate
12.993231,77.561269,Majestic,15,1,90,chain_snatching,2.37,danger
13.034935,77.556986,Yeshwanthpur,18,6,59,trespassing,2.72,moderate
12.802501,77.676847,Electronic_City,19,2,37,vandalism,3.44,moderate
12.929988,77.684998,Bellandur,13,4,33,minor_dispute,4.2,safe
12.939654,77.70928,Bellandur,10,1,3,traffic_violation,4.67,safe
12.978081,77.565611,Majestic,20,6,110,robbery,1.56,danger
12.843495,77.584701,Bannerghatta,7,5,19,minor_dispute,5.0,safe
12.976136,77.565469,Majestic,14,0,80,assault,1.69,danger
12.974435,77.568814,KR_Market,15,2,77,robbery,1.05,danger
12.98107,77.539102,Rajajinagar,16,2,40,minor_assault,3.26,moderate
13.028029,77.544133,Yeshwanthpur,12,6,62,trespassing,2.82,moderate
12.934827,77.623702,Koramangala,3,1,60,vandalism,3.38,moderate
12.973084,77.592355,Shivajinagar,16,2,81,theft,2.12,danger
12.829774,77.694962,Electronic_City,15,3,46,minor_assault,3.06,moderate
13.003069,77.678503,KR_Puram,22,4,80,harassment,2.21,danger
12.970318,77.586476,Chickpet,19,4,66,theft,2.13,danger
12.922828,77.62428,Koramangala,21,3,48,theft,2.71,moderate
12.973228,77.57547,Majestic,17,2,96,robbery,1.5,danger
12.969693,77.607302,Shivajinagar,22,0,80,robbery,1.37,danger
12.965674,77.560795,Chickpet,19,5,83,harassment,1.06,danger
12.967148,77.577964,Chickpet,17,4,93,robbery,2.42,danger
12.966416,77.652999,Indiranagar,5,4,24,noise_complaint,4.22,safe
12.984408,77.724416,Marathahalli,17,3,15,noise_complaint,4.52,safe
12.972711,77.564334,Chickpet,2,6,70,robbery,1.03,danger
12.967639,77.571046,Chickpet,12,6,93,theft,1.84,danger
12.927443,77.617391,Koramangala,16,1,41,vandalism,3.43,moderate
12.991016,77.538091,Rajajinagar,3,1,48,trespassing,2.83,moderate
12.982409,77.603205,Shivajinagar,12,5,89,chain_snatching,1.67,danger
12.891648,77.637131,HSR_Layout,13,0,25,traffic_violation,4.56,safe
13.003435,77.546763,Rajajinagar,3,4,54,vandalism,2.67,moderate
12.949378,77.56394,KR_Market,2,2,106,harassment,2.42,danger
12.926239,77.594313,Jayanagar,16,0,33,minor_assault,3.16,moderate
12.889142,77.63367,HSR_Layout,13,0,9,traffic_violation,3.53,safe
13.032923,77.589479,Hebbal,15,6,53,vandalism,3.07,moderate
12.865712,77.595936,Bannerghatta,17,0,11,noise_complaint,4.4,safe
12.992165,77.605026,Shivajinagar,5,0,73,assault,1.08,danger
12.928302,77.572027,Jayanagar,20,0,38,vandalism,3.14,moderate
12.846402,77.557637,Bannerghatta,11,5,0,minor_dispute,4.85,safe
13.019547,77.686808,KR_Puram,22,5,77,theft,2.49,danger
12.957514,77.704936,Marathahalli,15,5,11,traffic_violation,3.64,safe
12.995241,77.698182,Marathahalli,17,6,33,noise_complaint,4.06,safe
12.9777,77.567256,Majestic,12,5,92,theft,1.13,danger
13.008908,77.56247,Rajajinagar,16,6,59,minor_assault,3.33,moderate
12.973935,77.548117,Rajajinagar,3,4,47,minor_assault,3.07,moderate
12.987253,77.570139,Chickpet,9,3,72,assault,2.15,danger
13.021881,77.676532,KR_Puram,1,6,75,assault,1.27,danger
12.821994,77.691937,Electronic_City,13,3,35,trespassing,2.73,moderate
12.973186,77.575873,KR_Market,2,4,78,robbery,1.12,danger
12.911511,77.561407,Jyothy_Institute,18,5,7,noise_complaint,4.99,safe
12.974106,77.560074,Majestic,22,4,87,harassment,2.48,danger
12.990604,77.683246,KR_Puram,16,5,73,assault,1.77,danger
12.984989,77.606408,Shivajinagar,23,4,70,harassment,1.31,danger
12.99142,77.669774,KR_Puram,8,1,67,chain_snatching,1.21,danger
13.024096,77.62235,Hebbal,16,2,39,trespassing,3.06,moderate
13.032807,77.550257,Yeshwanthpur,13,3,69,minor_assault,2.78,moderate
12.941101,77.608259,Jayanagar,0,6,40,vandalism,3.05,moderate
13.028178,77.588022,Hebbal,4,0,43,minor_assault,2.57,moderate
12.916332,77.622269,HSR_Layout,9,1,28,noise_complaint,3.82,safe
12.941365,77.605722,Jayanagar,5,6,44,trespassing,3.08,moderate
12.952897,77.676541,Marathahalli,10,2,11,noise_complaint,3.59,safe
12.834878,77.67217,Electronic_City,20,0,42,minor_assault,2.57,moderate
12.986843,77.554787,Rajajinagar,7,3,53,theft,2.78,moderate
13.002222,77.55661,Rajajinagar,16,5,66,minor_assault,2.91,moderate
12.981943,77.568681,Majestic,21,5,88,theft,2.45,danger
12.9781,77.577357,Chickpet,1,6,69,theft,1.62,danger
12.978995,77.564995,Majestic,15,4,82,theft,1.12,danger
13.015146,77.663609,KR_Puram,17,6,66,harassment,1.38,danger
12.91874,77.571375,Jyothy_Institute,11,6,9,noise_complaint,3.57,safe
12.928597,77.610167,Koramangala,23,5,54,minor_assault,3.06,moderate
12.975109,77.595217,Shivajinagar,20,6,81,assault,1.84,danger
12.987128,77.567676,Majestic,9,1,100,assault,1.03,danger
12.976053,77.563395,Chickpet,23,1,77,robbery,1.06,danger
12.972531,77.598692,Shivajinagar,19,2,61,assault,2.48,danger
12.969863,77.568236,Chickpet,20,5,75,robbery,1.59,danger
13.035351,77.601014,Hebbal,4,4,53,minor_assault,3.27,moderate
12.921573,77.674441,Marathahalli,10,2,10,noise_complaint,3.9,safe
12.963586,77.581865,KR_Market,21,3,94,chain_snatching,1.33,danger
13.038676,77.533287,Yeshwanthpur,6,4,35,minor_assault,2.87,moderate
12.923595,77.580029,Jayanagar,12,3,64,minor_assault,3.04,moderate
12.972865,77.57297,Chickpet,23,0,92,assault,1.83,danger
12.931869,77.624923,Koramangala,19,6,48,theft,3.22,moderate
13.002942,77.678393,KR_Puram,22,0,77,robbery,2.33,danger
12.969201,77.756633,Whitefield,12,4,10,traffic_violation,4.46,safe
12.959248,77.565937,KR_Market,21,6,85,assault,1.88,danger
12.97073,77.739212,Whitefield,5,0,11,minor_dispute,3.86,safe
12.94678,77.650578,Bellandur,10,3,24,minor_dispute,4.08,safe
12.973326,77.570263,Chickpet,13,2,92,theft,1.88,danger
13.033892,77.536538,Yeshwanthpur,18,0,49,trespassing,3.2,moderate
12.896624,77.640795,HSR_Layout,19,1,40,noise_complaint,4.18,safe
12.91602,77.605023,HSR_Layout,15,1,17,minor_dispute,4.75,safe
12.892774,77.673453,Bellandur,12,3,23,traffic_violation,4.64,safe
12.923186,77.554774,Jyothy_Institute,12,1,15,traffic_violation,5.0,safe
12.981486,77.570912,Majestic,15,0,77,harassment,1.91,danger
12.938879,77.641385,Koramangala,5,3,50,vandalism,3.38,moderate
12.913609,77.558539,Jyothy_Institute,8,2,10,traffic_violation,4.63,safe
13.038155,77.565638,Yeshwanthpur,15,5,41,vandalism,2.73,moderate
13.000185,77.664454,KR_Puram,22,4,64,harassment,2.05,danger
12.899806,77.568833,Bannerghatta,10,5,24,traffic_violation,4.59,safe
12.856705,77.614629,Bannerghatta,13,5,6,noise_complaint,4.06,safe
12.817894,77.674189,Electronic_City,20,3,33,theft,3.39,moderate
12.964591,77.569684,Majestic,3,3,102,harassment,2.14,danger
12.994209,77.591921,Shivajinagar,17,4,73,theft,1.12,danger
12.980842,77.548001,Rajajinagar,2,5,34,minor_assault,2.64,moderate
12.967409,77.747292,Whitefield,3,5,25,noise_complaint,4.2,safe
12.920542,77.56191,Jyothy_Institute,12,5,3,noise_complaint,4.34,safe
12.938969,77.737296,Whitefield,12,4,0,traffic_violation,4.93,safe
12.857195,77.637921,Bannerghatta,13,4,13,minor_dispute,4.45,safe
12.821959,77.657577,Electronic_City,22,5,19,vandalism,3.5,moderate
12.918901,77.666319,Bellandur,9,1,5,minor_dispute,4.79,safe
12.970633,77.640433,Indiranagar,11,2,19,traffic_violation,3.67,safe
12.976213,77.57753,Majestic,18,0,98,assault,1.77,danger
12.965838,77.566997,KR_Market,15,1,91,robbery,1.38,danger
12.977169,77.608751,Shivajinagar,1,0,64,chain_snatching,2.26,danger
12.970909,77.5747,Chickpet,3,4,89,robbery,1.55,danger
12.976689,77.57863,Chickpet,23,3,83,theft,1.76,danger
12.991475,77.561362,Rajajinagar,23,6,59,theft,3.39,moderate
12.915267,77.561261,Jyothy_Institute,14,2,4,traffic_violation,4.49,safe
13.03025,77.562514,Yeshwanthpur,9,5,44,theft,2.84,moderate
12.834356,77.694513,Electronic_City,23,2,44,theft,3.23,moderate
13.008566,77.68227,KR_Puram,16,0,73,harassment,1.65,danger
12.952328,77.627639,Koramangala,5,0,53,vandalism,3.27,moderate
12.927965,77.591027,Jayanagar,12,6,28,theft,2.6,moderate
12.930503,77.668249,Bellandur,14,0,8,noise_complaint,4.89,safe
12.985852,77.610868,Shivajinagar,19,5,81,theft,1.02,danger
12.938899,77.601754,Jayanagar,5,5,46,vandalism,2.58,moderate
13.027863,77.590522,Hebbal,14,2,49,minor_assault,3.42,moderate
12.982876,77.592245,Shivajinagar,21,3,80,robbery,1.05,danger
12.978544,77.570781,Majestic,0,2,87,assault,1.09,danger
12.973861,77.561998,Rajajinagar,1,3,47,minor_assault,3.22,moderate
12.971532,77.688876,Marathahalli,13,0,11,minor_dispute,4.76,safe
13.000431,77.658327,KR_Puram,16,2,57,chain_snatching,1.57,danger
12.996295,77.665847,Indiranagar,10,6,6,noise_complaint,4.54,safe
12.973972,77.561783,Chickpet,22,1,77,assault,1.87,danger
12.966277,77.571917,Chickpet,2,4,88,assault,1.64,danger
12.990112,77.551992,Rajajinagar,22,0,46,vandalism,2.64,moderate
12.97668,77.563526,Chickpet,18,5,76,theft,1.03,danger
12.962369,77.640181,Indiranagar,10,0,32,noise_complaint,4.13,safe
12.986615,77.594504,Shivajinagar,16,4,69,robbery,2.03,danger
12.821816,77.658205,Electronic_City,21,3,48,theft,3.42,moderate
13.03477,77.605423,Hebbal,15,2,42,theft,3.28,moderate
12.944747,77.712546,Marathahalli,18,3,31,minor_dispute,4.64,safe
12.9336,77.671673,Bellandur,10,0,7,traffic_violation,4.77,safe
13.038373,77.567079,Yeshwanthpur,8,3,44,minor_assault,3.41,moderate
13.001242,77.677347,KR_Puram,18,0,73,harassment,1.43,danger
12.955779,77.578318,KR_Market,22,2,83,robbery,2.43,danger
12.937081,77.581481,Jayanagar,2,1,45,theft,3.09,moderate
12.964639,77.579742,Chickpet,8,2,92,chain_snatching,1.6,danger
12.994369,77.7357,Whitefield,11,3,4,minor_dispute,3.79,safe
12.972591,77.566395,Majestic,23,1,98,harassment,1.49,danger
12.970883,77.633518,Indiranagar,15,5,41,minor_dispute,4.09,safe
13.022037,77.549444,Yeshwanthpur,7,6,45,vandalism,3.24,moderate
12.928107,77.585832,Jayanagar,9,3,49,theft,3.13,moderate
12.994194,77.559341,Rajajinagar,13,3,59,minor_assault,2.79,moderate
12.977168,77.619259,Indiranagar,18,0,22,minor_dispute,4.16,safe
12.916971,77.663349,HSR_Layout,8,3,30,traffic_violation,4.66,safe
12.922582,77.696704,Bellandur,11,4,5,noise_complaint,4.09,safe
12.973728,77.769159,Whitefield,15,3,36,traffic_violation,3.65,safe
12.972757,77.577935,KR_Market,23,1,84,robbery,1.67,danger
12.992382,77.608356,Shivajinagar,21,4,67,harassment,1.45,danger
12.975824,77.574221,Chickpet,7,6,79,harassment,1.92,danger
12.988149,77.554535,Rajajinagar,22,0,57,theft,2.57,moderate
12.954647,77.641071,Indiranagar,3,3,11,noise_complaint,4.41,safe
12.962768,77.566237,KR_Market,20,2,93,chain_snatching,1.49,danger
12.915145,77.564809,Jyothy_Institute,12,0,21,noise_complaint,4.58,safe
13.03688,77.559215,Yeshwanthpur,9,3,55,vandalism,2.61,moderate
13.027345,77.593023,Hebbal,3,4,63,trespassing,2.84,moderate
13.009867,77.669973,KR_Puram,12,4,84,theft,1.35,danger
13.0662,77.6272,Hebbal,19,5,45,vandalism,3.21,moderate
13.030587,77.549476,Yeshwanthpur,8,1,45,theft,2.89,moderate
12.919238,77.570676,Jayanagar,19,4,22,theft,2.75,moderate
12.963511,77.577508,Chickpet,17,4,92,harassment,1.51,danger
13.029454,77.56258,Yeshwanthpur,11,1,34,vandalism,3.12,moderate
12.972595,77.562054,Majestic,19,1,68,theft,1.36,danger
12.983676,77.568035,Majestic,23,1,79,harassment,1.67,danger
12.833693,77.697799,Electronic_City,17,0,54,minor_assault,2.74,moderate
12.959515,77.581029,KR_Market,18,3,85,theft,2.49,danger
12.822567,77.609117,Bannerghatta,14,6,31,noise_complaint,3.85,safe
13.014761,77.656867,KR_Puram,14,2,75,chain_snatching,1.63,danger
12.9348,77.584526,Jayanagar,4,0,52,vandalism,3.29,moderate
12.867812,77.586282,Bannerghatta,8,6,25,traffic_violation,4.07,safe
12.907314,77.663372,Bellandur,10,3,21,minor_dispute,4.36,safe
12.913748,77.563217,Jyothy_Institute,17,0,0,noise_complaint,3.94,safe
12.969725,77.569842,Chickpet,19,3,71,harassment,1.51,danger
12.984665,77.567163,Majestic,20,2,86,assault,1.67,danger
12.984258,77.565939,Majestic,19,3,89,chain_snatching,1.31,danger
12.934873,77.645165,Koramangala,19,5,34,vandalism,3.27,moderate
12.938857,77.69031,Bellandur,9,1,24,traffic_violation,4.07,safe
13.007775,77.635061,Indiranagar,8,3,35,traffic_violation,4.51,safe
12.85297,77.6944,Electronic_City,1,0,49,minor_assault,3.45,moderate
12.971825,77.584161,Chickpet,18,1,99,chain_snatching,1.85,danger
12.973146,77.558284,Majestic,17,1,88,chain_snatching,1.4,danger
13.003072,77.654605,KR_Puram,21,3,51,chain_snatching,1.73,danger
13.001693,77.669576,KR_Puram,1,4,73,harassment,2.21,danger
12.924801,77.63431,HSR_Layout,8,2,23,minor_dispute,4.44,safe
12.961312,77.574117,Chickpet,23,5,87,harassment,2.34,danger
12.920953,77.699467,Marathahalli,10,1,10,traffic_violation,3.72,safe
12.976978,77.573476,Majestic,9,4,74,robbery,1.95,danger
13.062088,77.600396,Hebbal,8,4,55,theft,2.78,moderate
12.908507,77.616694,Koramangala,2,3,50,minor_assault,3.24,moderate
12.978476,77.642477,Indiranagar,3,3,26,traffic_violation,4.21,safe
12.962256,77.570093,Chickpet,19,4,97,theft,2.05,danger
12.957469,77.577884,KR_Market,21,6,88,assault,1.15,danger
12.996839,77.602002,Shivajinagar,18,1,86,robbery,2.11,danger
12.91872,77.556185,Jyothy_Institute,9,0,0,noise_complaint,4.87,safe
12.822276,77.669895,Electronic_City,3,6,31,minor_assault,3.19,moderate
12.916931,77.580065,Jayanagar,21,2,52,minor_assault,2.5,moderate
12.96767,77.558704,Majestic,21,2,91,theft,2.43,danger
12.958626,77.574163,KR_Market,22,5,82,harassment,2.36,danger
12.988985,77.571429,Majestic,23,4,67,harassment,1.94,danger
12.966723,77.690527,Marathahalli,11,3,13,noise_complaint,4.66,safe
12.917419,77.629917,Koramangala,13,0,57,trespassing,2.54,moderate
12.963875,77.655395,Indiranagar,5,2,22,noise_complaint,4.17,safe
12.940767,77.698186,Marathahalli,19,0,8,noise_complaint,4.1,safe
12.94001,77.630766,Koramangala,22,6,64,vandalism,3.01,moderate
12.955854,77.638256,Koramangala,5,4,35,minor_assault,3.38,moderate
13.020653,77.650775,KR_Puram,16,6,67,theft,2.32,danger
12.964876,77.57451,Chickpet,2,2,70,assault,1.4,danger
12.823146,77.665182,Electronic_City,19,5,16,minor_assault,3.44,moderate
13.00525,77.666259,KR_Puram,22,0,50,assault,1.35,danger
12.925798,77.554863,Jyothy_Institute,8,4,1,traffic_violation,4.86,safe
13.016439,77.677354,KR_Puram,22,0,68,assault,2.44,danger
13.034988,77.591665,Hebbal,21,4,50,vandalism,2.85,moderate
12.946843,77.634074,Koramangala,7,1,47,trespassing,2.72,moderate
12.958976,77.671402,Marathahalli,12,2,3,noise_complaint,4.57,safe
12.827881,77.653713,Electronic_City,0,4,52,theft,3.5,moderate
12.983953,77.561339,Majestic,16,6,95,harassment,1.57,danger
12.990951,77.551419,Rajajinagar,8,5,56,minor_assault,2.95,moderate
12.984149,77.601309,Shivajinagar,17,5,73,robbery,1.31,danger
12.942711,77.691792,Marathahalli,17,0,10,minor_dispute,4.0,safe
12.983223,77.561094,Rajajinagar,13,2,57,theft,3.38,moderate
13.026393,77.59563,Hebbal,10,2,42,trespassing,2.81,moderate
12.95861,77.570825,KR_Market,7,0,101,assault,1.36,danger
12.974132,77.581784,Majestic,17,1,97,harassment,1.64,danger
12.930571,77.607249,Jayanagar,15,5,26,theft,3.23,moderate
12.911648,77.551548,Jyothy_Institute,7,4,13,traffic_violation,4.86,safe
12.96849,77.753898,Whitefield,12,2,4,minor_dispute,4.24,safe
12.832992,77.666097,Electronic_City,18,3,42,trespassing,2.84,moderate
13.034555,77.601158,Hebbal,6,4,43,vandalism,3.45,moderate
12.917301,77.562782,Jyothy_Institute,9,6,23,minor_dispute,3.84,safe
12.929954,77.601315,Jayanagar,4,4,44,trespassing,2.86,moderate
13.008724,77.66442,KR_Puram,22,1,73,harassment,1.82,danger
12.966569,77.564925,KR_Market,22,6,82,harassment,1.23,danger
12.845446,77.610934,Bannerghatta,4,2,16,minor_dispute,3.87,safe
12.919146,77.589522,Jayanagar,7,5,51,minor_assault,3.5,moderate
12.882557,77.605782,Bannerghatta,7,3,1,minor_dispute,4.66,safe
12.964494,77.581731,Chickpet,20,2,74,harassment,2.08,danger
12.985998,77.609837,Shivajinagar,22,1,65,harassment,1.77,danger
12.921026,77.622142,Koramangala,5,2,59,theft,3.45,moderate
12.983676,77.583236,Shivajinagar,20,1,72,harassment,2.38,danger
12.925206,77.611759,Koramangala,3,6,44,minor_assault,3.18,moderate
12.99002,77.592521,Shivajinagar,23,5,69,robbery,1.06,danger
12.968651,77.58437,KR_Market,23,1,79,harassment,1.0,danger
12.940776,77.656306,Indiranagar,19,0,13,minor_dispute,4.82,safe
13.020153,77.545033,Yeshwanthpur,12,4,45,trespassing,3.45,moderate
12.942339,77.673451,Bellandur,14,5,29,minor_dispute,4.42,safe
12.97801,77.604332,Shivajinagar,12,3,80,assault,1.4,danger
13.024798,77.544239,Yeshwanthpur,13,4,29,theft,3.21,moderate
12.965616,77.61588,Shivajinagar,23,3,81,theft,2.01,danger
12.965796,77.583281,Chickpet,22,5,73,assault,2.22,danger
13.000722,77.666683,KR_Puram,6,2,60,harassment,1.68,danger
12.978456,77.600085,Shivajinagar,18,6,70,assault,1.18,danger
12.932931,77.700523,Marathahalli,17,3,42,minor_dispute,4.4,safe
12.966558,77.68479,Marathahalli,15,6,35,minor_dispute,4.41,safe
13.026686,77.555534,Yeshwanthpur,10,3,44,trespassing,2.54,moderate
12.971131,77.574271,Majestic,17,5,95,chain_snatching,2.01,danger
12.977558,77.588825,Shivajinagar,18,4,63,harassment,1.71,danger
12.933543,77.577397,Jayanagar,1,3,42,minor_assault,3.03,moderate
12.93545,77.59563,Jayanagar,6,2,52,theft,3.47,moderate
13.001065,77.546936,Rajajinagar,15,4,65,minor_assault,3.32,moderate
12.988249,77.559621,Rajajinagar,6,3,64,vandalism,2.68,moderate
12.960701,77.5718,KR_Market,23,6,98,robbery,1.89,danger
12.922008,77.688921,Bellandur,0,6,7,noise_complaint,3.89,safe
12.971691,77.564103,Majestic,23,4,89,harassment,1.1,danger
12.98105,77.607655,Shivajinagar,22,5,83,assault,2.33,danger
12.99703,77.597817,Shivajinagar,3,4,74,chain_snatching,1.42,danger
12.97454,77.577693,KR_Market,19,4,83,robbery,2.19,danger
12.924206,77.686298,Bellandur,11,4,31,traffic_violation,3.72,safe
12.943921,77.660479,Bellandur,16,5,18,minor_dispute,3.9,safe
12.966647,77.576773,Chickpet,23,4,74,robbery,1.44,danger
12.973788,77.605703,Shivajinagar,18,0,55,theft,1.1,danger
12.934739,77.574242,Jayanagar,1,4,33,minor_assault,3.48,moderate
12.897034,77.595585,Bannerghatta,14,5,20,minor_dispute,4.87,safe
12.921557,77.566434,Jyothy_Institute,7,1,18,traffic_violation,4.04,safe
12.975513,77.747824,Whitefield,14,5,14,noise_complaint,4.65,safe
13.012663,77.67208,KR_Puram,22,6,67,harassment,1.92,danger
12.977219,77.578812,Chickpet,15,1,76,assault,1.4,danger
12.898435,77.642111,HSR_Layout,10,1,0,noise_complaint,4.76,safe
12.977715,77.576852,Majestic,16,0,88,harassment,1.31,danger
12.983582,77.575093,Majestic,20,0,106,assault,1.47,danger
13.00134,77.556161,Rajajinagar,3,4,59,trespassing,2.67,moderate
12.972174,77.565483,KR_Market,2,4,93,theft,2.15,danger
12.96783,77.566471,Chickpet,21,1,61,theft,1.99,danger
13.003151,77.657815,KR_Puram,4,0,68,assault,1.85,danger
12.915898,77.63362,HSR_Layout,9,0,13,minor_dispute,3.62,safe
12.943676,77.572585,Jayanagar,6,1,48,trespassing,3.11,moderate
12.984911,77.580972,Majestic,19,5,108,theft,2.18,danger
12.991943,77.60101,Shivajinagar,22,4,59,chain_snatching,2.24,danger
13.007789,77.673557,KR_Puram,21,3,90,robbery,2.21,danger
12.977695,77.601253,Shivajinagar,17,4,76,chain_snatching,1.21,danger
12.841111,77.712111,Electronic_City,23,2,29,vandalism,3.17,moderate
12.937608,77.634598,Koramangala,9,2,36,theft,3.15,moderate
12.976254,77.640928,Indiranagar,9,1,30,traffic_violation,4.92,safe
12.982956,77.599724,Shivajinagar,23,1,64,assault,1.52,danger
12.944157,77.674104,Bellandur,10,3,14,traffic_violation,4.06,safe
12.972734,77.579264,Chickpet,10,2,95,assault,1.64,danger
12.83559,77.657712,Electronic_City,11,3,34,vandalism,3.35,moderate
12.976744,77.579988,Majestic,20,6,95,robbery,2.44,danger
12.945007,77.598467,Jayanagar,9,1,44,minor_assault,3.13,moderate
12.909806,77.555861,Jyothy_Institute,13,0,17,noise_complaint,3.86,safe
13.051234,77.606106,Hebbal,12,1,68,theft,3.04,moderate
12.916934,77.559582,Jyothy_Institute,11,0,11,minor_dispute,4.77,safe
12.914315,77.628059,Koramangala,7,5,54,vandalism,3.39,moderate
12.991308,77.64944,KR_Puram,23,5,56,robbery,1.46,danger
12.955717,77.701913,Marathahalli,13,0,25,traffic_violation,4.98,safe
12.982856,77.611595,Shivajinagar,18,5,76,harassment,1.74,danger
12.958599,77.57354,KR_Market,6,4,91,chain_snatching,1.47,danger
12.957581,77.579663,KR_Market,17,2,85,chain_snatching,1.84,danger
12.919999,77.551367,Jyothy_Institute,14,4,0,traffic_violation,3.53,safe
12.90764,77.556372,Jyothy_Institute,13,1,0,traffic_violation,4.6,safe
12.904345,77.597998,Jayanagar,0,5,37,theft,3.23,moderate
12.968988,77.568552,Chickpet,18,2,66,chain_snatching,1.57,danger
12.967642,77.587633,KR_Market,5,4,83,theft,1.91,danger
13.001177,77.62791,Indiranagar,17,0,10,minor_dispute,3.53,safe
12.930372,77.588576,Koramangala,17,2,53,vandalism,2.85,moderate
12.98529,77.617349,Shivajinagar,21,0,79,robbery,1.04,danger
13.008401,77.662202,KR_Puram,2,3,80,chain_snatching,1.24,danger
12.966608,77.588179,KR_Market,19,4,84,assault,1.17,danger
13.031383,77.575694,Hebbal,5,3,55,theft,3.42,moderate
13.007988,77.579842,Hebbal,6,5,58,theft,3.27,moderate
12.97878,77.582649,Majestic,9,6,85,chain_snatching,1.32,danger
12.925255,77.591841,Jayanagar,2,1,28,minor_assault,2.65,moderate
12.83965,77.671736,Electronic_City,7,2,44,minor_assault,2.8,moderate
12.992024,77.733804,Whitefield,17,5,22,noise_complaint,4.96,safe
12.905239,77.580326,Jayanagar,20,2,33,vandalism,2.85,moderate
13.008993,77.66077,KR_Puram,23,4,66,harassment,1.63,danger
12.991899,77.593165,Shivajinagar,17,0,68,assault,1.16,danger
12.985555,77.687005,Marathahalli,11,1,26,traffic_violation,4.6,safe
13.01276,77.567882,Rajajinagar,12,6,57,trespassing,3.4,moderate
13.004674,77.656863,KR_Puram,21,3,65,theft,1.45,danger
12.981358,77.584889,Majestic,16,6,92,harassment,2.34,danger
12.977306,77.641722,Indiranagar,16,4,33,minor_dispute,3.67,safe
12.912522,77.689193,Bellandur,13,6,9,noise_complaint,3.98,safe
12.988737,77.596242,Shivajinagar,17,1,53,harassment,1.47,danger
13.016194,77.599368,Hebbal,18,0,56,minor_assault,2.56,moderate
12.970778,77.579345,Chickpet,23,1,62,robbery,2.38,danger
12.919935,77.612322,Koramangala,2,5,75,theft,3.16,moderate
12.959462,77.595337,Shivajinagar,22,0,79,assault,1.27,danger
12.942462,77.621137,Koramangala,10,5,53,trespassing,2.55,moderate
12.960398,77.584354,KR_Market,19,4,78,theft,1.59,danger
12.993229,77.591371,Shivajinagar,0,0,47,harassment,1.68,danger
12.981142,77.601836,Shivajinagar,18,2,75,chain_snatching,1.03,danger
12.969049,77.783676,Whitefield,12,4,4,minor_dispute,4.28,safe
12.971309,77.585676,KR_Market,16,2,89,theft,2.19,danger
13.002193,77.556195,Rajajinagar,10,5,64,vandalism,2.71,moderate
12.919741,77.678025,Bellandur,15,1,10,minor_dispute,4.82,safe
13.051939,77.59183,Hebbal,22,1,39,vandalism,3.12,moderate
12.937933,77.618163,Koramangala,13,6,42,vandalism,2.84,moderate
13.003848,77.656169,KR_Puram,20,0,88,assault,2.29,danger
12.961507,77.575222,Chickpet,13,3,81,harassment,1.77,danger
12.915078,77.553282,Jyothy_Institute,15,6,0,minor_dispute,4.42,safe
12.975498,77.568661,Chickpet,21,5,76,chain_snatching,1.28,danger
12.942929,77.625063,Koramangala,7,1,44,trespassing,3.14,moderate
12.957785,77.583797,KR_Market,4,4,90,chain_snatching,1.63,danger
12.959524,77.568566,Chickpet,22,3,86,chain_snatching,1.81,danger
13.000162,77.643613,Indiranagar,15,4,17,traffic_violation,4.98,safe
12.972441,77.621659,Koramangala,13,6,54,trespassing,3.03,moderate
12.926429,77.602182,Jayanagar,17,6,66,minor_assault,3.13,moderate
12.970284,77.757211,Whitefield,10,6,1,minor_dispute,4.06,safe
12.953734,77.688726,Marathahalli,9,6,20,minor_dispute,4.61,safe
13.028999,77.610692,Hebbal,21,6,56,trespassing,2.66,moderate
12.989765,77.775135,Whitefield,10,4,9,minor_dispute,4.38,safe
12.976083,77.701471,Marathahalli,12,3,31,noise_complaint,4.55,safe
12.988357,77.601577,Shivajinagar,21,2,60,harassment,1.79,danger
12.969438,77.584667,KR_Market,15,3,107,harassment,1.73,danger
12.898548,77.61319,Bannerghatta,14,6,28,traffic_violation,4.12,safe
13.032486,77.58992,Hebbal,13,5,51,minor_assault,2.76,moderate
12.950053,77.619103,Koramangala,21,4,62,minor_assault,3.06,moderate
12.982784,77.577511,Majestic,18,2,86,harassment,1.88,danger
12.990685,77.603456,Shivajinagar,21,3,70,harassment,2.29,danger
13.006611,77.744767,Whitefield,15,5,12,minor_dispute,4.45,safe
12.934403,77.680619,Bellandur,14,0,3,noise_complaint,4.07,safe
13.040145,77.555059,Yeshwanthpur,1,3,62,vandalism,3.15,moderate
12.930394,77.646747,Koramangala,8,5,66,vandalism,3.41,moderate
12.980573,77.605497,Shivajinagar,23,1,87,harassment,2.29,danger
12.980307,77.607639,Shivajinagar,23,3,64,theft,2.42,danger
12.998118,77.770021,Whitefield,13,6,12,traffic_violation,4.8,safe
13.01074,77.667127,KR_Puram,10,2,52,robbery,1.7,danger
12.98395,77.545358,Rajajinagar,9,2,52,trespassing,2.69,moderate
12.966975,77.582211,KR_Market,20,5,104,assault,1.72,danger
12.916721,77.552237,Jyothy_Institute,17,2,10,minor_dispute,3.96,safe
12.962901,77.5579,Chickpet,18,1,85,robbery,1.58,danger
12.96858,77.574526,KR_Market,22,0,77,assault,1.44,danger
13.009532,77.661025,KR_Puram,18,4,53,theft,1.04,danger
12.976823,77.582338,Chickpet,23,6,85,assault,1.86,danger
12.97244,77.585078,Chickpet,22,0,83,robbery,1.51,danger
13.007836,77.553416,Yeshwanthpur,6,0,58,trespassing,3.32,moderate
12.975707,77.694825,Marathahalli,12,4,25,minor_dispute,4.65,safe
12.919756,77.553581,Jyothy_Institute,9,1,16,noise_complaint,4.94,safe
12.963971,77.581623,KR_Market,18,6,101,robbery,1.37,danger
12.936864,77.5891,Jayanagar,21,0,26,theft,2.59,moderate
12.966128,77.582373,Chickpet,23,6,84,theft,1.0,danger
13.012053,77.664778,KR_Puram,20,6,65,theft,2.42,danger
13.024119,77.676747,KR_Puram,14,5,76,harassment,1.94,danger
12.972813,77.57814,Chickpet,21,2,80,harassment,1.39,danger
12.977088,77.607682,Shivajinagar,4,2,68,robbery,2.37,danger
12.96643,77.613101,Koramangala,20,4,51,theft,3.18,moderate
12.981158,77.60598,Shivajinagar,12,4,95,assault,1.8,danger
13.007181,77.663146,KR_Puram,21,6,58,theft,1.31,danger
12.955609,77.569956,KR_Market,2,0,79,assault,1.48,danger
13.03816,77.54628,Yeshwanthpur,0,2,60,minor_assault,3.07,moderate
12.995103,77.655007,KR_Puram,8,3,66,robbery,2.03,danger
12.977882,77.561481,Majestic,22,0,100,robbery,1.33,danger
12.932821,77.602726,Jayanagar,18,3,24,theft,2.58,moderate
12.812775,77.674907,Electronic_City,10,0,50,trespassing,2.83,moderate
13.05351,77.596931,Hebbal,14,4,67,trespassing,2.74,moderate
12.905469,77.637181,HSR_Layout,14,3,29,minor_dispute,4.02,safe
12.928163,77.610088,Jayanagar,3,3,35,vandalism,2.92,moderate
12.966552,77.582667,Chickpet,21,2,85,theft,2.27,danger
12.955723,77.605465,Koramangala,20,4,40,vandalism,3.23,moderate
12.972583,77.735794,Whitefield,9,1,16,minor_dispute,3.57,safe
13.013051,77.616384,Hebbal,12,4,72,theft,2.83,moderate
12.867052,77.599364,Bannerghatta,15,6,14,noise_complaint,3.85,safe
12.957289,77.567431,KR_Market,16,5,84,robbery,2.14,danger
12.961212,77.580324,Chickpet,20,5,91,theft,2.4,danger
12.965093,77.575959,KR_Market,23,2,76,harassment,1.44,danger
12.98436,77.5673,Majestic,22,5,91,assault,1.49,danger
12.975981,77.570755,Chickpet,1,3,102,theft,1.18,danger
12.96936,77.567032,Chickpet,18,1,79,robbery,2.17,danger
12.984269,77.55279,Rajajinagar,16,2,57,vandalism,2.62,moderate
12.95606,77.576994,Chickpet,2,5,84,chain_snatching,1.94,danger
12.996253,77.672998,KR_Puram,23,2,50,assault,2.04,danger
12.978937,77.582875,Majestic,22,1,76,chain_snatching,2.37,danger
13.002905,77.653896,KR_Puram,14,6,62,robbery,1.65,danger
13.033456,77.551182,Yeshwanthpur,14,5,52,minor_assault,3.23,moderate
12.909203,77.595264,Jayanagar,1,3,46,minor_assault,3.27,moderate
12.955915,77.575687,KR_Market,20,0,74,assault,1.61,danger
12.966984,77.580685,Chickpet,22,1,70,assault,2.1,danger
12.847986,77.714262,Electronic_City,11,2,51,trespassing,2.54,moderate
12.929198,77.630884,Koramangala,3,3,25,trespassing,2.59,moderate
12.922259,77.670216,Bellandur,14,4,24,noise_complaint,4.37,safe
12.984936,77.697105,Marathahalli,8,6,22,noise_complaint,3.63,safe
12.941181,77.678057,Bellandur,16,2,21,minor_dispute,4.51,safe
12.97563,77.581858,Majestic,11,3,88,assault,1.51,danger
12.937287,77.591341,Jayanagar,15,3,54,minor_assault,2.85,moderate
12.983449,77.640158,Indiranagar,17,3,12,traffic_violation,4.54,safe
13.019716,77.552503,Yeshwanthpur,10,1,52,vandalism,2.73,moderate
12.949816,77.58136,Jayanagar,12,2,46,minor_assault,3.18,moderate
12.911281,77.643204,HSR_Layout,13,1,15,noise_complaint,4.6,safe
12.994231,77.601444,Shivajinagar,20,2,82,harassment,1.75,danger
13.035611,77.677606,KR_Puram,13,3,77,chain_snatching,1.0,danger
12.962931,77.570018,Chickpet,20,4,76,theft,1.26,danger
13.025493,77.592055,Hebbal,2,5,43,vandalism,3.47,moderate
12.963208,77.568655,Chickpet,17,4,78,assault,1.71,danger
13.031606,77.594059,Hebbal,7,2,40,minor_assault,2.58,moderate
12.931122,77.636842,HSR_Layout,16,0,21,noise_complaint,3.64,safe
13.025456,77.557586,Yeshwanthpur,8,5,42,theft,3.23,moderate
12.971703,77.583131,Majestic,18,4,107,chain_snatching,1.73,danger
12.91041,77.641936,HSR_Layout,12,0,36,noise_complaint,3.67,safe
12.98696,77.554451,Rajajinagar,5,3,25,trespassing,3.36,moderate
12.928242,77.626266,HSR_Layout,8,6,22,noise_complaint,4.02,safe
12.994975,77.668943,KR_Puram,19,1,55,theft,2.34,danger
12.981898,77.565018,Rajajinagar,11,2,52,minor_assault,2.57,moderate
12.987126,77.66762,KR_Puram,18,6,75,robbery,1.71,danger
13.00764,77.655161,KR_Puram,20,3,65,theft,1.96,danger
12.978431,77.61877,Shivajinagar,23,5,80,chain_snatching,2.05,danger
13.047011,77.548761,Yeshwanthpur,3,6,56,trespassing,2.6,moderate
12.88142,77.625644,Bannerghatta,11,3,19,traffic_violation,4.86,safe
12.847668,77.672156,Electronic_City,0,4,27,vandalism,2.77,moderate
12.947215,77.634026,Koramangala,6,5,54,minor_assault,2.99,moderate
12.980001,77.574002,Majestic,22,2,89,theft,1.81,danger
13.041334,77.588454,Hebbal,20,4,48,minor_assault,3.01,moderate
12.856726,77.566914,Bannerghatta,6,3,16,minor_dispute,4.59,safe
12.982925,77.593722,Shivajinagar,21,0,93,theft,1.86,danger
12.912334,77.640573,Bellandur,9,2,27,minor_dispute,4.81,safe
12.963247,77.634152,Indiranagar,7,3,30,minor_dispute,3.8,safe
12.936287,77.604292,Koramangala,13,3,42,minor_assault,3.17,moderate
13.021675,77.550152,Yeshwanthpur,7,6,28,theft,2.65,moderate
12.874021,77.619317,Bannerghatta,13,5,21,noise_complaint,4.69,safe
12.968341,77.566065,KR_Market,16,3,82,harassment,1.58,danger
12.996415,77.590641,Shivajinagar,19,5,65,robbery,1.24,danger
12.972804,77.573618,KR_Market,9,1,92,robbery,1.28,danger
13.010796,77.668977,KR_Puram,17,1,64,harassment,1.89,danger
12.98955,77.604926,Shivajinagar,20,5,77,assault,1.18,danger
12.962114,77.581438,KR_Market,20,3,92,theft,1.56,danger
13.013205,77.679062,KR_Puram,3,4,56,theft,2.16,danger
12.926082,77.585587,Jayanagar,9,2,51,theft,2.98,moderate
12.911197,77.62429,Jayanagar,12,6,27,vandalism,2.62,moderate
13.002999,77.562827,Rajajinagar,5,1,45,theft,2.69,moderate
12.917091,77.674558,Bellandur,16,2,5,minor_dispute,3.95,safe
12.9329,77.59354,Jayanagar,16,2,57,theft,3.36,moderate
13.011153,77.591404,Hebbal,10,4,62,trespassing,2.98,moderate
12.997237,77.54389,Rajajinagar,13,5,68,theft,2.77,moderate
12.975835,77.714613,Whitefield,15,3,29,traffic_violation,4.69,safe
12.969085,77.569921,KR_Market,23,6,87,robbery,1.5,danger
12.946756,77.664756,Marathahalli,12,1,26,minor_dispute,4.53,safe
12.913318,77.675819,Bellandur,9,5,24,minor_dispute,4.4,safe
12.977689,77.556386,Majestic,20,0,105,harassment,1.08,danger
12.997779,77.677831,KR_Puram,12,5,56,chain_snatching,1.91,danger
12.876098,77.587241,Bannerghatta,10,1,31,noise_complaint,4.17,safe
12.981377,77.54713,Rajajinagar,20,0,62,theft,3.08,moderate
12.982803,77.609944,Shivajinagar,21,6,88,robbery,1.96,danger
12.920939,77.66216,Bellandur,8,6,17,traffic_violation,3.81,safe
12.986535,77.597764,Shivajinagar,12,0,72,assault,2.17,danger
12.962078,77.567873,Chickpet,20,5,70,assault,2.35,danger
12.984571,77.607505,Shivajinagar,20,4,76,assault,1.02,danger
12.961066,77.57766,KR_Market,2,4,73,assault,1.42,danger
12.947899,77.747314,Whitefield,10,5,26,noise_complaint,4.19,safe
12.96697,77.56693,KR_Market,23,5,74,robbery,2.14,danger
12.995154,77.610847,Shivajinagar,16,1,69,harassment,2.49,danger
13.010475,77.658654,KR_Puram,22,6,60,harassment,1.99,danger
12.864991,77.692214,Electronic_City,18,6,52,trespassing,2.85,moderate
12.933302,77.63215,Koramangala,8,5,53,theft,3.31,moderate
12.961964,77.56334,Majestic,18,4,81,chain_snatching,2.12,danger
12.954809,77.716899,Whitefield,3,5,25,traffic_violation,4.83,safe
12.964312,77.574989,Chickpet,8,4,96,harassment,1.38,danger
12.963602,77.579746,Chickpet,4,5,67,assault,1.34,danger
12.983124,77.555145,Rajajinagar,10,3,45,theft,3.23,moderate
12.962213,77.574693,Chickpet,20,3,74,assault,1.61,danger
12.858589,77.608052,Bannerghatta,11,5,6,noise_complaint,4.06,safe
12.923016,77.65608,HSR_Layout,15,4,19,noise_complaint,3.85,safe
12.927576,77.614626,Koramangala,15,2,79,vandalism,3.38,moderate
12.985365,77.597916,Shivajinagar,21,0,71,chain_snatching,2.43,danger
12.928685,77.671861,Bellandur,11,3,12,minor_dispute,4.94,safe
12.897978,77.643156,HSR_Layout,9,4,15,noise_complaint,4.89,safe
13.022667,77.541847,Yeshwanthpur,19,3,40,theft,2.94,moderate
12.969457,77.587845,KR_Market,21,3,92,chain_snatching,1.27,danger
13.012269,77.667114,KR_Puram,22,0,66,robbery,1.72,danger
12.961328,77.624342,Koramangala,13,5,67,vandalism,2.53,moderate
12.965096,77.590402,KR_Market,21,6,89,chain_snatching,2.3,danger
12.960508,77.584773,KR_Market,5,6,98,assault,2.21,danger
12.873936,77.635089,HSR_Layout,11,5,24,minor_dispute,4.95,safe
12.957234,77.57385,KR_Market,20,0,78,robbery,1.95,danger
12.969112,77.566239,Chickpet,23,5,85,chain_snatching,1.41,danger
12.977399,77.575786,Majestic,8,4,93,theft,2.26,danger
12.911816,77.56749,Jyothy_Institute,12,0,2,traffic_violation,4.72,safe
12.977584,77.578868,Chickpet,12,0,103,harassment,1.61,danger
12.987427,77.544024,Rajajinagar,20,6,62,theft,3.37,moderate
12.966701,77.579466,Chickpet,21,3,90,harassment,1.71,danger
13.042171,77.540246,Yeshwanthpur,12,5,21,minor_assault,3.15,moderate
12.945004,77.646477,Koramangala,20,5,33,trespassing,2.91,moderate
12.953643,77.578879,KR_Market,19,0,103,assault,1.75,danger
12.977863,77.576584,Chickpet,15,6,69,robbery,2.42,danger
12.993756,77.650482,KR_Puram,22,6,81,assault,2.47,danger
12.861041,77.692607,Electronic_City,13,1,33,theft,2.95,moderate
12.981966,77.602241,Shivajinagar,21,3,78,assault,1.31,danger
12.94952,77.579728,KR_Market,9,6,79,theft,1.84,danger
12.973113,77.566336,Chickpet,5,4,84,chain_snatching,2.13,danger
12.828937,77.70321,Electronic_City,19,2,36,minor_assault,2.66,moderate
12.921583,77.648567,HSR_Layout,9,6,12,traffic_violation,3.57,safe
12.981326,77.605259,Shivajinagar,21,4,72,robbery,2.43,danger
12.989184,77.628002,Indiranagar,5,6,15,minor_dispute,4.61,safe
12.974572,77.770857,Whitefield,17,3,2,noise_complaint,3.86,safe
12.982233,77.57368,Majestic,22,3,103,theft,1.46,danger
12.925208,77.561568,Jyothy_Institute,9,6,15,minor_dispute,3.61,safe
12.970989,77.613361,Indiranagar,17,6,33,traffic_violation,4.79,safe
13.036466,77.557443,Yeshwanthpur,14,1,49,theft,3.39,moderate
12.925607,77.583572,Jayanagar,4,4,43,theft,3.25,moderate
12.965584,77.564235,Chickpet,19,2,90,harassment,1.94,danger
12.92419,77.62233,Koramangala,7,3,42,minor_assault,3.43,moderate
12.956833,77.56489,KR_Market,17,3,88,harassment,1.91,danger
12.997998,77.567647,Rajajinagar,10,3,64,minor_assault,3.45,moderate
12.822712,77.600842,Bannerghatta,1,2,0,minor_dispute,3.77,safe
12.976324,77.580348,Chickpet,6,1,77,harassment,1.08,danger
13.016192,77.550806,Yeshwanthpur,15,1,54,minor_assault,3.06,moderate
13.002619,77.55548,Rajajinagar,11,6,49,minor_assault,3.4,moderate
12.992169,77.608165,Shivajinagar,22,2,64,robbery,1.7,danger
12.82592,77.673778,Electronic_City,4,1,44,vandalism,3.08,moderate
12.967647,77.574191,Chickpet,23,5,63,chain_snatching,1.62,danger
13.021441,77.674912,KR_Puram,22,6,51,chain_snatching,1.51,danger
13.041959,77.552263,Yeshwanthpur,19,3,41,theft,2.9,moderate
12.969082,77.570111,Chickpet,20,6,70,harassment,1.77,danger
13.036522,77.584682,Hebbal,4,2,52,theft,3.47,moderate
12.972949,77.559348,Majestic,20,4,91,chain_snatching,2.01,danger
13.025869,77.549067,Yeshwanthpur,18,5,40,theft,2.6,moderate
12.945073,77.568649,KR_Market,23,6,74,assault,1.81,danger
12.971617,77.583819,Shivajinagar,19,2,66,assault,2.09,danger
12.979753,77.57398,Majestic,17,6,85,robbery,1.9,danger
13.003743,77.67689,KR_Puram,6,6,64,assault,2.38,danger
12.943768,77.657042,Bellandur,11,6,19,minor_dispute,4.31,safe
12.922571,77.69262,Marathahalli,10,6,20,traffic_violation,4.38,safe
12.906439,77.671567,Bellandur,12,1,22,traffic_violation,4.37,safe
12.964478,77.628115,Koramangala,16,3,45,trespassing,3.21,moderate
12.934561,77.617683,Koramangala,1,3,56,trespassing,3.08,moderate
12.986205,77.669298,Indiranagar,5,0,23,traffic_violation,3.54,safe
12.981258,77.567306,Chickpet,21,1,91,assault,2.35,danger
12.965701,77.571818,Chickpet,21,3,61,theft,2.18,danger
12.922461,77.751524,Whitefield,15,0,9,minor_dispute,4.81,safe
12.856209,77.671974,Electronic_City,4,5,45,theft,3.02,moderate
12.927377,77.623104,Koramangala,9,1,44,vandalism,3.42,moderate
12.971362,77.571335,KR_Market,5,4,77,assault,1.11,danger
13.005061,77.676883,KR_Puram,13,1,84,harassment,1.75,danger
12.845917,77.672841,Electronic_City,14,2,42,trespassing,2.82,moderate
12.933456,77.60248,Jayanagar,5,0,58,theft,3.23,moderate
13.056153,77.599765,Hebbal,21,6,53,vandalism,3.05,moderate
12.863865,77.57815,Bannerghatta,17,5,7,minor_dispute,3.94,safe
12.968114,77.5704,Chickpet,17,4,69,assault,1.6,danger
12.980363,77.599861,Shivajinagar,22,6,74,chain_snatching,2.11,danger
12.989906,77.673944,KR_Puram,21,0,64,assault,2.16,danger
12.941719,77.602809,Koramangala,6,5,43,theft,2.66,moderate
12.953993,77.57108,KR_Market,10,2,79,harassment,1.09,danger
12.912296,77.673716,Bellandur,13,4,19,minor_dispute,4.24,safe
12.96388,77.57193,Chickpet,16,1,88,theft,1.35,danger
12.97787,77.563827,Majestic,21,3,87,harassment,2.35,danger
12.96857,77.580089,Chickpet,16,5,78,chain_snatching,1.15,danger
12.969955,77.57614,Chickpet,22,3,89,chain_snatching,1.74,danger
13.027591,77.59924,Hebbal,12,6,44,minor_assault,2.51,moderate
12.975264,77.568007,Majestic,23,1,90,harassment,1.46,danger
12.857912,77.657726,Electronic_City,23,3,32,theft,3.36,moderate
12.992125,77.590931,Shivajinagar,4,2,67,chain_snatching,2.46,danger
12.962809,77.576415,KR_Market,4,4,74,harassment,2.38,danger
12.964202,77.597349,KR_Market,1,4,86,chain_snatching,2.23,danger
13.013653,77.668456,KR_Puram,20,3,68,robbery,1.71,danger
13.007975,77.648962,KR_Puram,23,1,65,robbery,1.8,danger
12.9076,77.632924,HSR_Layout,10,3,15,minor_dispute,4.69,safe
12.972625,77.577005,Chickpet,16,5,84,robbery,1.16,danger
12.987751,77.546849,Rajajinagar,15,0,57,trespassing,3.14,moderate
12.917795,77.623168,HSR_Layout,4,2,27,minor_dispute,4.38,safe
12.971599,77.586339,Majestic,18,6,82,chain_snatching,2.39,danger
12.93362,77.584503,Jayanagar,18,2,54,minor_assault,3.01,moderate
13.006255,77.666184,KR_Puram,23,6,60,robbery,2.42,danger
13.019137,77.556705,Yeshwanthpur,19,3,32,theft,3.27,moderate
12.991759,77.744955,Whitefield,18,1,20,minor_dispute,5.0,safe
12.964739,77.576537,Chickpet,22,3,62,chain_snatching,2.08,danger
12.964221,77.573495,Majestic,19,1,81,theft,1.32,danger
12.984016,77.545745,Rajajinagar,9,2,52,theft,3.49,moderate
12.914147,77.656369,Koramangala,3,0,52,trespassing,2.51,moderate
12.966353,77.602595,Shivajinagar,22,6,96,chain_snatching,1.34,danger
12.935988,77.684764,Bellandur,15,6,17,noise_complaint,3.77,safe
12.975643,77.566827,Majestic,18,4,99,harassment,1.7,danger
12.964481,77.574975,Chickpet,19,0,75,chain_snatching,1.88,danger
12.917381,77.613068,Jayanagar,21,5,63,theft,2.78,moderate
12.85854,77.58276,Bannerghatta,4,0,14,noise_complaint,4.22,safe
12.890966,77.632217,HSR_Layout,12,5,22,noise_complaint,4.42,safe
12.975433,77.568376,Majestic,1,0,99,harassment,1.21,danger
12.912128,77.63103,HSR_Layout,8,0,19,noise_complaint,4.97,safe
13.050137,77.586897,Hebbal,17,4,43,trespassing,2.73,moderate
13.041739,77.594239,Hebbal,19,2,54,theft,2.93,moderate
12.981089,77.684962,KR_Puram,23,4,65,robbery,2.46,danger
12.837216,77.679133,Electronic_City,3,2,33,trespassing,3.04,moderate
12.968332,77.745777,Whitefield,9,0,13,minor_dispute,4.88,safe
12.919859,77.558522,Jyothy_Institute,14,4,8,noise_complaint,4.49,safe
12.982005,77.581514,Majestic,21,5,89,robbery,2.34,danger
12.91713,77.586863,Jayanagar,18,2,36,minor_assault,2.69,moderate
12.962448,77.568507,Chickpet,18,4,79,theft,1.08,danger
12.937725,77.606189,Jayanagar,5,4,57,theft,2.91,moderate
12.976195,77.617186,Shivajinagar,8,5,64,assault,2.01,danger
13.028609,77.534169,Yeshwanthpur,21,3,41,trespassing,2.59,moderate
12.982694,77.569492,Rajajinagar,14,6,63,trespassing,3.1,moderate
12.975912,77.577769,Chickpet,10,5,71,chain_snatching,2.15,danger
12.943889,77.589086,KR_Market,19,0,82,harassment,2.36,danger
13.052762,77.591504,Hebbal,18,1,50,vandalism,3.23,moderate
12.960617,77.71181,Marathahalli,17,6,18,minor_dispute,4.76,safe
12.972812,77.572184,Chickpet,18,6,95,assault,2.18,danger
13.009592,77.669747,KR_Puram,16,3,90,robbery,1.45,danger
13.003974,77.554336,Rajajinagar,12,3,43,theft,2.91,moderate
12.949047,77.754208,Whitefield,11,2,13,traffic_violation,4.07,safe
12.94642,77.767666,Whitefield,13,2,19,traffic_violation,4.89,safe
12.927452,77.57926,Jayanagar,4,5,43,theft,3.48,moderate
13.031457,77.549726,Yeshwanthpur,14,3,65,minor_assault,3.34,moderate
12.963646,77.644527,Indiranagar,9,1,11,minor_dispute,4.64,safe
13.022171,77.623281,Hebbal,1,1,51,trespassing,3.1,moderate
12.91034,77.597637,HSR_Layout,17,0,0,traffic_violation,4.45,safe
12.969914,77.557527,Chickpet,16,5,88,assault,1.16,danger
13.037642,77.583173,Hebbal,17,6,51,theft,3.46,moderate
12.980387,77.575459,Chickpet,23,5,59,harassment,1.21,danger
13.029939,77.55196,Yeshwanthpur,22,3,48,theft,2.54,moderate
12.963901,77.579451,Chickpet,14,3,85,assault,1.24,danger
12.948862,77.57362,KR_Market,20,4,89,robbery,1.62,danger
12.987245,77.604593,Shivajinagar,18,0,85,harassment,2.0,danger
13.039919,77.56178,Yeshwanthpur,20,0,51,trespassing,3.48,moderate
12.977809,77.583176,Shivajinagar,2,0,59,harassment,1.04,danger
12.935431,77.634496,Koramangala,16,6,55,theft,3.19,moderate
12.963388,77.545185,Rajajinagar,10,4,56,minor_assault,2.58,moderate
12.987964,77.602263,Shivajinagar,20,2,86,assault,2.13,danger
12.924521,77.598291,Jayanagar,1,2,51,theft,2.64,moderate
12.993227,77.651917,Indiranagar,8,3,17,minor_dispute,3.99,safe
12.963699,77.575593,KR_Market,2,1,101,theft,1.36,danger
12.935757,77.588414,Jayanagar,14,3,34,vandalism,2.93,moderate
13.025393,77.56207,Yeshwanthpur,12,3,51,vandalism,2.78,moderate
12.841346,77.656243,Electronic_City,20,6,52,theft,2.83,moderate
12.924041,77.583239,Jayanagar,5,5,47,theft,3.3,moderate
12.997138,77.65724,KR_Puram,17,4,77,robbery,1.49,danger
12.98275,77.59306,Shivajinagar,12,5,67,robbery,1.22,danger
12.993932,77.549847,Rajajinagar,9,5,57,trespassing,3.44,moderate
12.923771,77.686298,Bellandur,6,2,17,noise_complaint,4.74,safe
12.980014,77.569427,Majestic,16,5,78,harassment,1.48,danger
12.984865,77.600027,Shivajinagar,21,5,86,harassment,2.2,danger
12.975257,77.581936,Chickpet,21,5,90,chain_snatching,2.25,danger
13.056407,77.596949,Hebbal,20,5,66,trespassing,3.17,moderate
13.008188,77.667791,KR_Puram,17,3,66,robbery,2.34,danger
13.014801,77.659932,KR_Puram,23,1,69,theft,2.13,danger
13.000515,77.539503,Rajajinagar,14,0,59,vandalism,2.88,moderate
12.916732,77.591535,Jayanagar,7,6,56,theft,3.1,moderate
12.932682,77.698998,Marathahalli,17,4,28,noise_complaint,4.07,safe
12.976263,77.570056,Majestic,18,2,100,theft,1.28,danger
12.96826,77.775298,Whitefield,16,3,17,traffic_violation,4.55,safe
12.979126,77.57844,Chickpet,22,1,68,assault,2.09,danger
12.985482,77.609744,Shivajinagar,13,3,64,assault,2.33,danger
12.971447,77.562576,Majestic,22,3,97,assault,1.79,danger
12.982514,77.641126,Indiranagar,17,5,13,noise_complaint,4.1,safe
12.991316,77.561954,Rajajinagar,11,5,44,trespassing,3.13,moderate
12.847349,77.699161,Electronic_City,7,0,50,theft,2.84,moderate
12.932362,77.640713,HSR_Layout,4,2,22,minor_dispute,4.64,safe
12.957809,77.6255,Indiranagar,12,1,18,traffic_violation,4.82,safe
12.969908,77.563192,Majestic,2,2,73,assault,2.01,danger
12.91976,77.592813,Jayanagar,21,1,57,vandalism,3.15,moderate
13.024955,77.614624,Hebbal,17,3,60,trespassing,2.6,moderate
12.92599,77.600541,Jayanagar,18,0,52,minor_assault,3.32,moderate
12.982303,77.644972,Indiranagar,20,1,20,noise_complaint,3.96,safe
13.013916,77.55518,Yeshwanthpur,8,4,44,vandalism,3.36,moderate
12.989314,77.614137,Shivajinagar,13,6,98,harassment,1.04,danger
12.942244,77.695071,Marathahalli,9,5,13,noise_complaint,4.0,safe
13.04902,77.61284,Hebbal,8,6,59,vandalism,3.1,moderate
12.975816,77.589495,KR_Market,16,6,81,theft,2.02,danger
12.975654,77.538558,Rajajinagar,8,4,68,minor_assault,3.34,moderate
12.938786,77.681852,Marathahalli,10,5,14,traffic_violation,4.49,safe
12.925013,77.55381,Jyothy_Institute,16,0,0,traffic_violation,3.73,safe
12.980788,77.557969,Majestic,5,5,101,robbery,2.24,danger
12.960069,77.587204,KR_Market,15,0,84,chain_snatching,1.84,danger
13.011031,77.557543,Yeshwanthpur,9,3,42,vandalism,3.47,moderate
12.949432,77.719399,Marathahalli,17,2,26,traffic_violation,4.04,safe
12.934104,77.603079,Jayanagar,17,0,61,minor_assault,3.06,moderate
12.803652,77.682693,Electronic_City,1,1,42,vandalism,2.79,moderate
12.962471,77.567733,KR_Market,20,3,96,assault,1.49,danger
12.953832,77.714028,Marathahalli,10,2,22,minor_dispute,3.89,safe
12.977064,77.651194,Indiranagar,5,5,19,minor_dispute,3.86,safe
12.918521,77.612206,Koramangala,10,3,51,trespassing,3.38,moderate
13.012939,77.66343,KR_Puram,17,4,72,theft,1.53,danger
12.979681,77.574227,Majestic,19,0,82,assault,2.24,danger
13.008406,77.688767,KR_Puram,3,1,80,chain_snatching,2.1,danger
12.967917,77.585351,KR_Market,19,3,90,theft,1.36,danger
12.966836,77.56844,Majestic,0,3,71,assault,1.25,danger
13.031763,77.555886,Yeshwanthpur,19,2,47,trespassing,2.59,moderate
12.975585,77.749497,Whitefield,7,2,18,minor_dispute,3.79,safe
12.983012,77.579157,KR_Market,21,6,82,robbery,2.27,danger
12.919934,77.636725,HSR_Layout,13,0,18,noise_complaint,4.69,safe
12.960835,77.575511,KR_Market,23,5,77,theft,1.32,danger
12.970998,77.573261,KR_Market,21,1,83,chain_snatching,1.35,danger
12.986486,77.568321,Rajajinagar,6,4,47,trespassing,3.12,moderate
12.941173,77.618148,Koramangala,2,3,59,minor_assault,3.34,moderate
12.980599,77.595458,Shivajinagar,13,6,67,harassment,2.49,danger
12.973255,77.578682,Majestic,16,1,91,chain_snatching,1.79,danger
12.975392,77.585726,Majestic,13,5,95,chain_snatching,1.73,danger
12.857774,77.66628,Electronic_City,20,3,39,trespassing,2.65,moderate
12.999231,77.59734,Shivajinagar,22,5,78,chain_snatching,2.08,danger
12.99583,77.658407,KR_Puram,18,3,52,assault,1.84,danger
12.910353,77.614318,Jayanagar,5,6,38,vandalism,3.39,moderate
12.940204,77.689184,Marathahalli,12,0,28,traffic_violation,4.56,safe
13.002147,77.546163,Rajajinagar,20,4,55,minor_assault,3.35,moderate
12.978534,77.583701,Chickpet,21,1,67,robbery,2.33,danger
12.85361,77.567143,Bannerghatta,13,1,10,traffic_violation,3.72,safe
12.91524,77.661761,Bellandur,16,2,28,minor_dispute,4.81,safe
12.977593,77.569738,Majestic,21,1,88,assault,1.68,danger
12.94262,77.696494,Bellandur,6,2,24,minor_dispute,4.32,safe
12.842787,77.585379,Bannerghatta,10,1,18,traffic_violation,3.6,safe
12.981298,77.559982,Rajajinagar,21,6,62,trespassing,3.15,moderate
12.940778,77.622282,Koramangala,18,1,63,theft,3.06,moderate
13.03259,77.554476,Yeshwanthpur,13,4,47,trespassing,2.84,moderate
13.027025,77.546186,Yeshwanthpur,10,3,48,minor_assault,3.07,moderate
12.949595,77.708898,Marathahalli,11,2,23,minor_dispute,4.66,safe
12.830624,77.680103,Electronic_City,8,3,37,trespassing,3.12,moderate
12.990479,77.650147,KR_Puram,7,2,76,theft,1.12,danger
12.987123,77.546554,Rajajinagar,18,4,36,vandalism,3.13,moderate
12.962697,77.572817,Chickpet,13,5,78,robbery,1.82,danger
12.925064,77.662424,Bellandur,12,5,0,traffic_violation,4.59,safe
13.035363,77.608174,Hebbal,3,2,37,minor_assault,3.44,moderate
12.86896,77.611968,Bannerghatta,15,2,20,traffic_violation,4.57,safe
12.97031,77.580702,KR_Market,16,3,74,assault,1.4,danger
12.972405,77.565774,Chickpet,22,5,86,harassment,2.32,danger
12.979661,77.581022,KR_Market,18,4,81,theft,1.27,danger
13.002497,77.70479,Whitefield,18,0,25,minor_dispute,4.9,safe
12.98239,77.650989,KR_Puram,20,0,73,robbery,1.17,danger
12.972394,77.732318,Whitefield,5,5,20,minor_dispute,4.23,safe
12.877168,77.608162,Bannerghatta,8,2,17,minor_dispute,4.27,safe
12.956314,77.574194,KR_Market,22,3,63,theft,1.75,danger
13.02432,77.594104,Hebbal,20,3,46,theft,2.84,moderate
12.974026,77.661596,Indiranagar,9,0,41,noise_complaint,3.62,safe
12.959062,77.594114,Jayanagar,14,6,57,trespassing,2.7,moderate
12.94454,77.754,Whitefield,8,6,0,minor_dispute,4.83,safe
13.032146,77.59207,Hebbal,7,3,49,trespassing,2.52,moderate
12.910143,77.610853,Jayanagar,22,0,56,vandalism,2.61,moderate
12.941299,77.609077,Koramangala,21,1,54,minor_assault,3.19,moderate
12.960246,77.579656,Chickpet,17,1,85,theft,2.16,danger
12.930061,77.677524,Bellandur,14,2,25,traffic_violation,4.09,safe
12.925463,77.621661,Koramangala,23,4,28,minor_assault,3.5,moderate
13.031497,77.566717,Yeshwanthpur,0,3,39,theft,3.18,moderate
12.980613,77.599627,Shivajinagar,6,3,71,harassment,2.35,danger
12.949863,77.570568,KR_Market,23,5,92,assault,2.02,danger
13.0097,77.669034,KR_Puram,20,4,67,theft,1.04,danger
13.035448,77.587889,Hebbal,4,4,52,trespassing,3.07,moderate
12.933354,77.589183,Jayanagar,15,3,37,trespassing,3.25,moderate
12.943347,77.584647,Jayanagar,20,5,34,theft,2.66,moderate
12.967868,77.57897,Chickpet,23,0,78,chain_snatching,1.27,danger
12.948224,77.621711,Koramangala,5,1,52,minor_assault,3.32,moderate
12.972123,77.596711,Shivajinagar,5,2,58,assault,1.01,danger
13.039723,77.594542,Hebbal,3,0,74,theft,3.49,moderate
12.973966,77.573395,Chickpet,16,5,96,harassment,1.87,danger
12.836853,77.696555,Electronic_City,19,1,42,minor_assault,3.35,moderate
12.964626,77.597218,Shivajinagar,8,0,76,harassment,2.15,danger
12.953452,77.575793,KR_Market,21,2,82,chain_snatching,1.19,danger
12.965292,77.568893,Chickpet,13,5,84,assault,1.83,danger
12.968975,77.647423,Indiranagar,17,6,7,noise_complaint,3.61,safe
12.981462,77.593159,Shivajinagar,19,0,67,assault,1.27,danger
12.966491,77.709552,Marathahalli,12,4,4,traffic_violation,3.99,safe
12.915626,77.633407,HSR_Layout,17,5,7,traffic_violation,4.69,safe
12.978517,77.6471,Indiranagar,5,1,22,noise_complaint,3.54,safe
12.984514,77.578145,Majestic,2,3,68,theft,1.08,danger
12.84758,77.656651,Electronic_City,8,4,31,minor_assault,2.97,moderate
12.992575,77.657843,KR_Puram,20,1,75,harassment,1.98,danger
12.940264,77.681749,Bellandur,12,3,1,noise_complaint,4.25,safe
12.974829,77.581895,Majestic,21,0,83,theft,1.52,danger
12.922916,77.646654,HSR_Layout,8,4,33,noise_complaint,4.77,safe
12.839683,77.661848,Electronic_City,0,6,43,trespassing,2.87,moderate
12.833387,77.653538,Electronic_City,20,6,42,vandalism,2.72,moderate
12.998204,77.603606,Shivajinagar,23,4,65,theft,1.2,danger
12.978217,77.563619,Majestic,8,5,89,assault,2.35,danger
13.043008,77.598498,Hebbal,10,4,72,trespassing,3.41,moderate
12.966801,77.74109,Whitefield,15,5,21,traffic_violation,3.95,safe
12.990568,77.56994,Majestic,3,0,82,theft,1.99,danger
12.974076,77.574812,Majestic,10,4,108,harassment,2.14,danger
12.997853,77.598839,Shivajinagar,21,1,85,harassment,2.5,danger
12.79259,77.684484,Electronic_City,6,2,50,vandalism,2.68,moderate
12.859185,77.680736,Electronic_City,19,5,36,trespassing,3.05,moderate
12.845667,77.600221,Bannerghatta,14,3,5,minor_dispute,4.1,safe
12.982868,77.580304,KR_Market,21,6,70,harassment,2.36,danger
12.984003,77.529653,Rajajinagar,21,5,47,trespassing,2.53,moderate
12.969973,77.635728,Indiranagar,13,3,4,minor_dispute,4.37,safe
12.97767,77.614508,Shivajinagar,17,2,68,robbery,1.16,danger
12.945273,77.574576,KR_Market,19,5,84,assault,2.14,danger
12.91462,77.555082,Jyothy_Institute,11,4,9,noise_complaint,4.0,safe
12.934881,77.598939,Jayanagar,3,6,57,minor_assault,3.13,moderate
12.924097,77.621243,HSR_Layout,9,0,0,minor_dispute,4.47,safe
12.968771,77.57371,Majestic,12,2,79,assault,2.39,danger
12.965511,77.584012,Chickpet,20,1,76,chain_snatching,1.38,danger
13.036674,77.553265,Yeshwanthpur,7,0,52,trespassing,3.15,moderate
13.019001,77.665927,KR_Puram,20,6,78,harassment,1.63,danger
12.981875,77.607937,Shivajinagar,4,3,87,assault,1.02,danger
12.98947,77.659914,KR_Puram,16,5,73,robbery,1.18,danger
12.928542,77.684514,Bellandur,16,4,24,traffic_violation,4.65,safe
12.977686,77.572628,Majestic,6,0,79,theft,2.25,danger
12.959758,77.683136,Marathahalli,13,1,3,traffic_violation,4.37,safe
13.007654,77.53726,Rajajinagar,16,6,46,trespassing,3.22,moderate
12.864745,77.705873,Electronic_City,10,3,47,vandalism,3.33,moderate
13.016128,77.672357,KR_Puram,11,0,86,robbery,1.78,danger
12.928491,77.644683,HSR_Layout,21,0,23,minor_dispute,4.45,safe
12.980099,77.557452,Majestic,17,5,90,chain_snatching,2.12,danger
12.893629,77.598474,Bannerghatta,13,5,25,noise_complaint,4.74,safe
12.997628,77.708023,Marathahalli,8,6,25,noise_complaint,4.29,safe
12.966474,77.575894,KR_Market,21,4,73,robbery,1.69,danger
12.922582,77.586462,Jayanagar,14,6,42,theft,2.94,moderate
12.856828,77.606045,Bannerghatta,11,3,17,noise_complaint,3.64,safe
13.034744,77.539817,Yeshwanthpur,13,5,53,vandalism,3.39,moderate
12.919885,77.5556,Jyothy_Institute,17,3,16,traffic_violation,3.99,safe
12.90974,77.598936,Jayanagar,14,5,37,minor_assault,3.16,moderate
12.965634,77.576878,KR_Market,4,3,90,robbery,1.68,danger
12.940072,77.618494,Koramangala,20,5,55,trespassing,3.31,moderate
12.917655,77.560406,Jyothy_Institute,12,3,3,traffic_violation,4.63,safe
13.011868,77.661582,KR_Puram,22,3,64,chain_snatching,2.49,danger
12.904983,77.637228,HSR_Layout,18,1,16,traffic_violation,4.25,safe
12.928062,77.666937,Bellandur,12,5,15,traffic_violation,3.78,safe
12.981542,77.727809,Whitefield,4,5,10,traffic_violation,4.17,safe
13.024924,77.666997,KR_Puram,18,6,71,harassment,1.9,danger
13.042227,77.600367,Hebbal,3,6,46,vandalism,3.1,moderate
12.993368,77.563842,Rajajinagar,4,1,56,vandalism,2.78,moderate
13.036567,77.5627,Yeshwanthpur,18,0,49,vandalism,2.69,moderate
13.005109,77.552536,Rajajinagar,0,0,60,vandalism,2.75,moderate
12.994764,77.683727,KR_Puram,20,1,36,robbery,1.02,danger
12.849654,77.60911,Bannerghatta,8,3,15,noise_complaint,4.66,safe
13.030387,77.544667,Yeshwanthpur,7,5,60,minor_assault,2.8,moderate
12.958772,77.564242,KR_Market,22,4,70,harassment,1.69,danger
12.979344,77.598366,Shivajinagar,19,4,93,robbery,1.8,danger
12.86784,77.58338,Bannerghatta,12,1,17,noise_complaint,3.99,safe
12.941362,77.647567,Koramangala,7,0,57,theft,3.33,moderate
12.936171,77.66881,Bellandur,17,5,11,noise_complaint,4.72,safe
12.85465,77.673625,Electronic_City,15,4,43,minor_assault,2.53,moderate
13.005203,77.667455,KR_Puram,17,5,72,harassment,1.62,danger
12.831462,77.687201,Electronic_City,15,0,29,theft,3.42,moderate
12.836903,77.681768,Electronic_City,7,5,50,vandalism,2.78,moderate
12.91451,77.552831,Jyothy_Institute,13,2,21,noise_complaint,4.07,safe
12.915628,77.597058,Jayanagar,13,6,54,minor_assault,2.96,moderate
12.862192,77.647238,Electronic_City,9,0,37,vandalism,2.78,moderate
12.932005,77.607779,Jayanagar,18,2,48,minor_assault,2.85,moderate
12.957934,77.572582,KR_Market,11,6,91,theft,1.89,danger
12.939068,77.606015,Jayanagar,9,6,39,vandalism,2.85,moderate
12.97294,77.596409,Shivajinagar,17,4,82,chain_snatching,1.4,danger
12.95563,77.682395,Bellandur,17,3,8,noise_complaint,4.32,safe
12.994485,77.653523,KR_Puram,16,1,59,chain_snatching,1.92,danger
13.011581,77.652116,KR_Puram,20,6,77,chain_snatching,1.08,danger
12.978895,77.59541,Shivajinagar,8,6,83,robbery,2.3,danger
12.947021,77.629136,Koramangala,12,5,45,vandalism,2.84,moderate
12.990093,77.670227,KR_Puram,20,5,74,theft,2.27,danger
12.93135,77.621627,Koramangala,10,3,47,vandalism,3.24,moderate
12.877013,77.70829,Electronic_City,3,6,53,trespassing,2.79,moderate
12.975894,77.608294,Shivajinagar,18,0,88,harassment,1.82,danger
12.920606,77.590311,Jayanagar,19,5,39,minor_assault,3.0,moderate
13.036886,77.556403,Yeshwanthpur,12,5,43,theft,3.09,moderate
12.936092,77.581462,Jayanagar,8,0,17,minor_assault,2.54,moderate
12.957863,77.582181,Chickpet,2,6,77,harassment,1.94,danger
12.956337,77.708147,Marathahalli,8,2,13,traffic_violation,4.59,safe
12.822193,77.65688,Electronic_City,14,0,19,trespassing,2.58,moderate
12.973346,77.578269,Chickpet,13,2,101,chain_snatching,2.12,danger
12.964259,77.581024,Chickpet,9,1,92,chain_snatching,2.15,danger
12.9567,77.574467,Chickpet,8,2,73,assault,2.25,danger
12.96778,77.588482,KR_Market,4,6,92,theft,2.14,danger
12.845024,77.672631,Electronic_City,22,6,42,trespassing,2.98,moderate
12.972393,77.57915,Chickpet,6,2,75,theft,1.27,danger
12.964874,77.572653,Majestic,2,1,91,robbery,1.72,danger
12.982046,77.559695,Rajajinagar,16,4,64,vandalism,3.4,moderate
12.977771,77.568478,Majestic,12,6,86,robbery,1.27,danger
12.863622,77.615092,Bannerghatta,6,5,28,traffic_violation,4.56,safe
12.959092,77.573952,Chickpet,23,4,93,chain_snatching,1.79,danger
12.977175,77.600312,Shivajinagar,20,4,67,theft,1.61,danger
13.017545,77.669631,KR_Puram,4,0,75,assault,2.3,danger
12.925561,77.594527,Jayanagar,5,0,61,vandalism,3.24,moderate
12.93103,77.665728,Bellandur,7,4,24,noise_complaint,4.96,safe
13.031578,77.563591,Yeshwanthpur,4,1,43,minor_assault,3.5,moderate
12.960639,77.568628,KR_Market,21,4,79,harassment,1.32,danger
13.031774,77.543813,Yeshwanthpur,9,3,44,minor_assault,2.78,moderate
12.87687,77.61117,Bannerghatta,12,1,29,noise_complaint,4.16,safe
12.92603,77.587379,Jayanagar,15,4,62,trespassing,3.45,moderate
12.979678,77.604921,Shivajinagar,13,5,81,chain_snatching,1.38,danger
12.930757,77.713287,Marathahalli,6,4,31,minor_dispute,3.7,safe
12.984219,77.612809,Shivajinagar,20,4,84,chain_snatching,1.38,danger
12.950901,77.56815,KR_Market,5,6,87,assault,1.55,danger
12.957278,77.57015,Majestic,14,6,92,assault,1.57,danger
13.003436,77.663734,KR_Puram,23,1,68,robbery,2.42,danger
13.036057,77.577546,Hebbal,18,5,47,vandalism,3.09,moderate
12.878889,77.586987,Bannerghatta,10,3,25,noise_complaint,4.59,safe
12.912976,77.561624,Jyothy_Institute,7,6,5,minor_dispute,4.12,safe
12.994597,77.665809,KR_Puram,23,4,53,assault,1.59,danger
12.832466,77.618558,Bannerghatta,17,3,28,traffic_violation,3.73,safe
12.926606,77.595652,Jayanagar,17,3,47,trespassing,3.4,moderate
13.013971,77.560375,Yeshwanthpur,22,5,36,minor_assault,2.72,moderate
12.980474,77.578149,Majestic,20,6,90,theft,1.69,danger
12.97484,77.575883,Majestic,18,0,85,harassment,2.35,danger
13.039093,77.542505,Yeshwanthpur,3,0,51,vandalism,2.96,moderate
12.926536,77.594408,Jayanagar,16,1,36,vandalism,3.13,moderate
12.846323,77.654112,Electronic_City,13,5,48,theft,2.52,moderate
12.960817,77.563098,KR_Market,20,5,65,chain_snatching,1.36,danger
12.998276,77.671365,KR_Puram,19,2,62,robbery,1.39,danger
13.036472,77.612962,Hebbal,20,5,57,vandalism,3.29,moderate
12.981875,77.607307,Shivajinagar,23,1,82,chain_snatching,1.11,danger
12.973284,77.577047,Majestic,3,3,97,chain_snatching,1.54,danger
12.969298,77.574417,Chickpet,8,2,98,harassment,1.63,danger
12.97261,77.607278,Shivajinagar,8,5,66,theft,1.28,danger
12.998231,77.660997,Indiranagar,15,2,10,traffic_violation,3.65,safe
12.99031,77.623864,Shivajinagar,21,2,63,theft,1.04,danger
12.976497,77.579534,KR_Market,12,3,100,assault,2.1,danger
12.946519,77.697604,Marathahalli,19,2,16,noise_complaint,3.59,safe
12.978798,77.583588,Majestic,16,5,105,chain_snatching,1.05,danger
13.029741,77.610545,Hebbal,11,4,57,trespassing,3.34,moderate
13.004138,77.665152,KR_Puram,7,5,60,harassment,2.49,danger
12.966735,77.644661,Koramangala,8,4,42,vandalism,2.71,moderate
12.981409,77.580371,KR_Market,6,1,90,theft,1.56,danger
12.987374,77.651482,Indiranagar,10,4,7,minor_dispute,3.67,safe
12.962461,77.583184,KR_Market,11,5,68,assault,1.36,danger
12.998092,77.602977,Shivajinagar,7,5,71,theft,1.05,danger
13.018963,77.586474,Hebbal,16,3,36,theft,2.75,moderate
12.924936,77.635187,Koramangala,22,6,59,minor_assault,3.38,moderate
12.988896,77.550679,Rajajinagar,12,6,53,theft,3.27,moderate
12.972729,77.575203,Chickpet,23,3,87,theft,1.82,danger
13.000568,77.747493,Whitefield,11,6,30,minor_dispute,4.18,safe
12.995465,77.647767,Indiranagar,11,5,14,traffic_violation,3.99,safe
12.971015,77.573711,Majestic,19,2,89,robbery,2.06,danger
12.967912,77.586472,Chickpet,18,1,91,assault,2.29,danger
12.936344,77.5976,Jayanagar,6,6,34,trespassing,2.74,moderate
12.930143,77.620472,Koramangala,5,5,45,minor_assault,2.65,moderate
12.966222,77.743235,Whitefield,13,4,21,traffic_violation,4.22,safe
12.856542,77.667042,Electronic_City,9,1,54,theft,2.69,moderate
13.02902,77.59904,Hebbal,22,5,52,trespassing,2.82,moderate
12.990174,77.609832,Shivajinagar,14,2,81,harassment,1.63,danger
12.987398,77.674507,KR_Puram,18,1,74,harassment,1.96,danger
12.875379,77.618672,Bannerghatta,10,6,23,minor_dispute,3.75,safe
12.937386,77.633429,HSR_Layout,2,5,22,noise_complaint,4.39,safe
12.969329,77.571515,Chickpet,17,3,93,theft,2.07,danger
13.046533,77.605874,Hebbal,4,2,36,vandalism,2.96,moderate
12.987332,77.573818,Majestic,16,5,91,assault,1.26,danger
12.949834,77.580687,KR_Market,20,4,85,theft,1.44,danger
13.004091,77.674972,KR_Puram,20,3,66,assault,2.33,danger
12.850908,77.555828,Bannerghatta,7,1,25,traffic_violation,4.49,safe
13.000278,77.649279,Indiranagar,12,6,15,minor_dispute,4.85,safe
12.915853,77.5595,Jyothy_Institute,15,0,19,traffic_violation,3.7,safe
12.861481,77.670426,Electronic_City,15,0,52,trespassing,2.93,moderate
12.97038,77.722054,Marathahalli,9,6,27,traffic_violation,4.23,safe
12.965175,77.581727,Chickpet,20,3,66,chain_snatching,2.5,danger
13.024538,77.541908,Yeshwanthpur,16,2,43,theft,3.07,moderate
12.950302,77.566172,KR_Market,8,6,86,chain_snatching,1.96,danger
12.989043,77.659295,Indiranagar,14,6,37,noise_complaint,4.42,safe
12.931272,77.637721,Koramangala,15,0,60,trespassing,3.4,moderate
12.987961,77.577098,Majestic,16,2,81,robbery,2.2,danger
12.975425,77.568456,Majestic,16,6,83,chain_snatching,1.92,danger
13.038442,77.612903,Hebbal,16,4,49,theft,2.62,moderate
12.982166,77.599539,Shivajinagar,17,3,74,assault,1.82,danger
12.993412,77.546063,Rajajinagar,1,3,49,minor_assault,3.01,moderate
12.916653,77.556311,Jyothy_Institute,8,0,0,noise_complaint,4.89,safe
13.034021,77.610694,Hebbal,13,2,52,vandalism,2.88,moderate
13.049194,77.598158,Hebbal,17,3,68,trespassing,3.41,moderate
12.967293,77.577781,KR_Market,23,1,77,theft,1.33,danger
12.912014,77.649113,HSR_Layout,6,6,16,traffic_violation,3.71,safe
12.885721,77.645185,HSR_Layout,16,5,2,traffic_violation,4.58,safe
12.985964,77.623401,Indiranagar,13,6,28,minor_dispute,3.65,safe
12.930007,77.593373,Jayanagar,5,1,54,minor_assault,3.29,moderate
12.98101,77.569004,Majestic,20,5,98,assault,1.47,danger
12.989281,77.549166,Rajajinagar,2,4,54,vandalism,2.74,moderate
13.0312,77.613132,Hebbal,21,4,52,minor_assault,2.65,moderate
12.975664,77.569046,Majestic,20,3,91,harassment,1.67,danger
13.026211,77.58611,Hebbal,10,4,45,vandalism,3.23,moderate
12.980674,77.558419,Majestic,21,4,89,robbery,1.88,danger
12.875608,77.633643,HSR_Layout,10,5,13,minor_dispute,4.82,safe
12.935638,77.622701,Koramangala,13,2,61,theft,2.65,moderate
12.962375,77.601506,Koramangala,8,4,39,trespassing,3.18,moderate
12.976026,77.702575,Marathahalli,8,4,17,traffic_violation,3.91,safe
12.937497,77.633322,Koramangala,5,0,60,trespassing,3.47,moderate
12.970866,77.557904,Rajajinagar,20,1,57,vandalism,2.58,moderate
12.995257,77.606084,Shivajinagar,20,1,91,robbery,1.76,danger
12.985976,77.602719,Shivajinagar,23,1,68,assault,1.84,danger
12.979511,77.580464,KR_Market,20,3,78,assault,1.29,danger
12.998097,77.553588,Rajajinagar,1,6,39,minor_assault,2.96,moderate
12.978154,77.751867,Whitefield,9,4,15,minor_dispute,4.01,safe
12.960688,77.569324,KR_Market,22,2,88,assault,1.5,danger
12.82336,77.679474,Electronic_City,20,0,46,trespassing,2.61,moderate
12.963676,77.575873,KR_Market,16,0,93,chain_snatching,2.0,danger
13.03301,77.545014,Yeshwanthpur,17,3,52,theft,2.82,moderate
12.916152,77.614313,Jayanagar,13,1,31,minor_assault,3.16,moderate
12.992943,77.650989,Indiranagar,12,2,7,traffic_violation,3.53,safe
12.971606,77.571366,Majestic,2,6,92,theft,1.84,danger
12.95943,77.754503,Whitefield,6,1,7,noise_complaint,3.92,safe
12.974483,77.571142,Majestic,3,1,89,assault,1.64,danger
12.915358,77.562507,Jyothy_Institute,12,2,12,minor_dispute,3.54,safe
12.958723,77.578367,KR_Market,6,6,97,harassment,1.67,danger
12.925846,77.579068,Jayanagar,8,3,53,theft,3.0,moderate
12.897353,77.66616,HSR_Layout,13,1,13,minor_dispute,3.7,safe
12.99332,77.679363,KR_Puram,21,4,77,assault,2.49,danger
12.943775,77.694626,Bellandur,9,1,18,noise_complaint,3.99,safe
12.932716,77.618228,HSR_Layout,17,1,23,traffic_violation,3.81,safe
12.841478,77.611139,Bannerghatta,12,2,15,minor_dispute,4.49,safe
12.845472,77.678279,Electronic_City,15,1,48,vandalism,2.92,moderate
13.01854,77.680519,KR_Puram,12,3,79,harassment,1.12,danger
12.930619,77.625023,Koramangala,11,5,52,vandalism,3.03,moderate
12.984941,77.565985,Rajajinagar,19,5,61,vandalism,2.59,moderate
12.987758,77.614821,Shivajinagar,17,1,84,harassment,2.06,danger
12.988939,77.561582,Rajajinagar,9,5,44,minor_assault,3.05,moderate
12.96388,77.565581,Chickpet,22,2,84,robbery,2.03,danger
12.920502,77.638527,Koramangala,15,0,59,trespassing,2.78,moderate
12.845903,77.663678,Electronic_City,17,5,18,vandalism,3.09,moderate
12.985722,77.596187,Shivajinagar,20,2,77,assault,2.05,danger
13.013427,77.670937,KR_Puram,17,3,66,robbery,1.95,danger
12.843959,77.679989,Electronic_City,21,0,44,theft,2.87,moderate
13.019024,77.661925,KR_Puram,2,3,69,assault,1.84,danger
12.975125,77.564389,Chickpet,4,5,75,chain_snatching,2.22,danger
12.984223,77.602236,Shivajinagar,18,4,89,robbery,2.29,danger
12.910472,77.61725,HSR_Layout,12,2,17,minor_dispute,4.63,safe
12.987315,77.575515,Majestic,1,5,86,assault,2.18,danger
12.957423,77.584966,KR_Market,17,4,83,robbery,2.04,danger
13.002195,77.658742,KR_Puram,1,3,87,robbery,2.02,danger
12.969954,77.5646,Majestic,17,0,89,assault,1.27,danger
13.015247,77.556232,Yeshwanthpur,7,4,54,minor_assault,3.42,moderate
12.944878,77.611471,Koramangala,2,6,35,trespassing,3.44,moderate
12.946373,77.674778,Bellandur,17,6,13,noise_complaint,4.45,safe
12.972401,77.550709,Rajajinagar,15,6,59,vandalism,2.58,moderate
12.976137,77.573633,Chickpet,22,6,70,robbery,1.01,danger
12.988055,77.584958,Majestic,18,1,102,assault,2.38,danger
13.020384,77.660666,KR_Puram,20,2,95,robbery,1.89,danger
12.976185,77.645661,Indiranagar,13,6,29,traffic_violation,4.15,safe
13.039874,77.537561,Yeshwanthpur,9,6,49,theft,2.81,moderate
12.965992,77.584231,KR_Market,18,2,91,chain_snatching,1.53,danger
12.939392,77.628605,Koramangala,10,0,36,vandalism,3.28,moderate
12.946033,77.618893,Koramangala,5,0,48,minor_assault,2.67,moderate
12.918253,77.653,HSR_Layout,5,1,18,minor_dispute,3.58,safe
12.91279,77.596973,Jayanagar,14,4,53,theft,3.06,moderate
12.862673,77.583931,Bannerghatta,16,5,43,minor_dispute,4.3,safe
13.025739,77.577783,Hebbal,21,3,45,theft,2.79,moderate
12.936473,77.632993,Koramangala,11,3,58,trespassing,3.38,moderate
12.924431,77.65143,HSR_Layout,12,5,2,traffic_violation,4.4,safe
13.043312,77.602226,Hebbal,20,1,58,vandalism,3.18,moderate
12.997743,77.657217,KR_Puram,10,3,64,assault,1.21,danger
12.959158,77.713936,Marathahalli,11,0,19,noise_complaint,4.26,safe
13.023792,77.552054,Yeshwanthpur,2,6,53,minor_assault,2.79,moderate
12.967538,77.579711,KR_Market,21,4,75,robbery,1.22,danger
12.925134,77.659988,HSR_Layout,5,2,14,minor_dispute,3.93,safe
12.960209,77.579619,KR_Market,19,3,81,theft,2.3,danger
13.033045,77.542597,Yeshwanthpur,21,5,31,minor_assault,3.12,moderate
12.926728,77.594555,Jayanagar,1,0,40,vandalism,3.38,moderate
12.986087,77.628474,Indiranagar,17,5,15,noise_complaint,3.79,safe
12.98572,77.553712,Rajajinagar,9,1,46,theft,2.98,moderate
12.909687,77.554312,Jyothy_Institute,14,1,4,traffic_violation,4.89,safe
12.992466,77.625536,Indiranagar,15,3,20,minor_dispute,3.53,safe
12.987631,77.600549,Shivajinagar,15,2,73,theft,1.16,danger
12.92556,77.595674,Jayanagar,19,6,34,trespassing,2.81,moderate
12.926603,77.621382,Koramangala,20,5,46,minor_assault,3.25,moderate
12.958297,77.720923,Marathahalli,14,0,14,noise_complaint,3.98,safe
12.929993,77.698598,Marathahalli,16,5,29,noise_complaint,4.67,safe
12.967449,77.57337,KR_Market,18,6,91,robbery,2.48,danger
12.940561,77.677673,Bellandur,11,1,27,minor_dispute,3.84,safe
12.958938,77.570868,Majestic,13,2,94,harassment,1.35,danger
12.906704,77.585889,Jayanagar,18,3,39,vandalism,2.95,moderate
12.998644,77.667228,KR_Puram,14,5,54,theft,1.04,danger
12.959927,77.573392,KR_Market,2,0,83,harassment,1.13,danger
12.907971,77.590134,Jayanagar,22,3,37,vandalism,3.1,moderate
12.836425,77.600511,Bannerghatta,8,0,0,traffic_violation,3.93,safe
12.848445,77.57619,Bannerghatta,13,6,8,traffic_violation,4.75,safe
12.993922,77.579594,Shivajinagar,17,2,76,chain_snatching,1.53,danger
12.966499,77.573093,Chickpet,17,2,81,theft,2.06,danger
13.002924,77.670781,KR_Puram,22,2,53,robbery,1.68,danger
12.930669,77.63969,Koramangala,12,4,59,trespassing,3.19,moderate
12.972531,77.573818,Chickpet,4,3,67,theft,1.78,danger
12.984008,77.638991,Indiranagar,16,4,28,traffic_violation,4.92,safe
12.873268,77.678347,Electronic_City,11,3,39,vandalism,3.27,moderate
12.910056,77.694441,Bellandur,11,3,29,traffic_violation,3.62,safe
12.918376,77.622177,Koramangala,2,2,53,theft,2.62,moderate
12.956419,77.577615,KR_Market,16,5,72,theft,1.65,danger
12.965749,77.584411,Chickpet,21,6,94,robbery,1.03,danger
12.864725,77.606897,Bannerghatta,8,1,29,traffic_violation,4.56,safe
12.994869,77.581279,Shivajinagar,20,4,74,robbery,1.29,danger
12.902815,77.63705,HSR_Layout,12,5,36,traffic_violation,4.42,safe
12.944107,77.66204,Bellandur,12,5,13,traffic_violation,4.09,safe
12.956469,77.767483,Whitefield,23,2,18,traffic_violation,3.58,safe
12.91002,77.620909,HSR_Layout,12,2,27,minor_dispute,4.28,safe
12.968171,77.578002,Chickpet,18,2,88,theft,1.96,danger
13.00299,77.61925,Shivajinagar,3,3,73,chain_snatching,1.19,danger
12.991656,77.544173,Rajajinagar,19,6,58,trespassing,2.98,moderate
12.975413,77.557561,Majestic,18,0,86,theft,1.73,danger
12.917162,77.649905,HSR_Layout,8,5,14,noise_complaint,4.91,safe
13.01224,77.676989,KR_Puram,2,6,73,robbery,2.22,danger
12.994028,77.674091,KR_Puram,22,4,66,robbery,2.15,danger
12.946034,77.694429,Marathahalli,19,1,16,noise_complaint,3.53,safe
12.999819,77.662618,KR_Puram,18,0,76,harassment,1.57,danger
12.995717,77.603016,Shivajinagar,20,3,89,harassment,1.93,danger
12.973299,77.563453,Majestic,20,4,69,assault,1.1,danger
12.991433,77.545432,Rajajinagar,14,3,53,minor_assault,2.82,moderate
13.00719,77.678278,KR_Puram,10,0,62,harassment,2.21,danger
12.955074,77.581755,KR_Market,22,4,83,robbery,1.34,danger
12.995298,77.549991,Rajajinagar,21,0,56,trespassing,2.9,moderate
12.931524,77.602162,Jayanagar,10,0,21,vandalism,3.15,moderate
12.934918,77.687068,Marathahalli,16,1,46,minor_dispute,3.91,safe
12.983263,77.554561,Majestic,6,3,89,assault,1.02,danger
12.972042,77.579564,Majestic,23,4,83,assault,2.31,danger
13.035866,77.612989,Hebbal,3,3,59,theft,3.15,moderate
12.981496,77.57129,Chickpet,18,4,72,robbery,1.97,danger
13.00356,77.607519,Shivajinagar,15,6,75,robbery,2.15,danger
12.942887,77.769031,Whitefield,9,4,14,noise_complaint,4.14,safe
12.984194,77.564556,Majestic,2,4,83,harassment,1.46,danger
13.000151,77.546975,Yeshwanthpur,8,0,27,vandalism,2.96,moderate
12.936284,77.6584,Bellandur,4,0,25,minor_dispute,4.1,safe
12.987901,77.767447,Whitefield,10,6,41,traffic_violation,4.03,safe
12.975457,77.584706,Chickpet,5,3,70,chain_snatching,2.11,danger
12.977147,77.57233,Chickpet,20,2,71,harassment,1.07,danger
12.993342,77.686568,KR_Puram,2,1,88,robbery,1.1,danger
12.991102,77.536764,Rajajinagar,10,4,36,vandalism,2.65,moderate
12.935287,77.623021,Koramangala,17,4,52,trespassing,2.89,moderate
13.038645,77.596904,Hebbal,9,3,55,trespassing,3.47,moderate
12.985634,77.549298,Rajajinagar,13,1,66,minor_assault,3.3,moderate
12.976758,77.572527,Majestic,20,0,76,assault,2.42,danger
12.965535,77.57211,Chickpet,20,5,92,theft,1.38,danger
13.02169,77.559858,Yeshwanthpur,2,4,40,minor_assault,3.09,moderate
12.97319,77.561374,Majestic,13,6,94,chain_snatching,2.35,danger
12.975129,77.607418,Shivajinagar,20,5,71,harassment,2.35,danger
12.92561,77.578699,Jayanagar,19,5,52,theft,3.44,moderate
12.966746,77.732007,Whitefield,16,2,13,noise_complaint,4.52,safe
12.971143,77.572345,Majestic,6,6,84,chain_snatching,1.47,danger
12.984274,77.571538,Majestic,23,5,91,assault,2.17,danger
12.974901,77.658157,KR_Puram,18,5,95,theft,1.51,danger
12.924891,77.559805,Jyothy_Institute,12,5,8,traffic_violation,3.6,safe
12.985199,77.63987,Indiranagar,6,3,4,noise_complaint,4.13,safe
12.940306,77.673251,Bellandur,3,1,16,noise_complaint,4.02,safe
12.989615,77.549582,Rajajinagar,4,6,45,theft,2.93,moderate
12.92702,77.585998,Jayanagar,13,1,64,minor_assault,2.59,moderate
12.978698,77.587721,Shivajinagar,23,1,85,assault,1.52,danger
12.923946,77.612384,Jayanagar,20,1,38,trespassing,2.51,moderate
12.971805,77.577082,KR_Market,20,3,90,assault,1.04,danger
13.029943,77.575227,Hebbal,0,0,65,theft,3.28,moderate
12.89514,77.681124,Bellandur,13,2,0,minor_dispute,3.86,safe
12.903216,77.584729,Jayanagar,8,1,28,theft,3.08,moderate
12.988308,77.620098,Shivajinagar,23,5,75,chain_snatching,1.75,danger
13.034443,77.557702,Yeshwanthpur,11,1,46,minor_assault,2.95,moderate
12.970863,77.586576,Majestic,21,0,106,theft,1.65,danger
12.85297,77.660945,Electronic_City,13,4,42,theft,3.15,moderate
12.984816,77.578112,Majestic,20,6,87,assault,1.89,danger
12.935727,77.630102,Koramangala,12,6,49,vandalism,3.03,moderate
13.009996,77.676844,KR_Puram,22,4,64,assault,1.39,danger
12.84522,77.67463,Electronic_City,15,3,50,vandalism,3.37,moderate
12.984261,77.546197,Rajajinagar,23,2,53,vandalism,2.9,moderate
12.941108,77.621658,Koramangala,12,3,48,vandalism,3.0,moderate
12.998992,77.68018,KR_Puram,4,3,80,robbery,1.09,danger
12.915458,77.569122,Jyothy_Institute,14,1,0,minor_dispute,3.58,safe
12.988254,77.6761,KR_Puram,23,0,85,theft,1.6,danger
13.035042,77.565482,Yeshwanthpur,3,5,53,minor_assault,2.73,moderate
12.913571,77.558102,Jyothy_Institute,16,2,14,noise_complaint,3.69,safe
12.910501,77.600508,Jayanagar,7,5,53,vandalism,2.74,moderate
12.901807,77.645627,HSR_Layout,10,6,15,noise_complaint,3.94,safe
12.850479,77.687979,Electronic_City,8,3,37,trespassing,2.9,moderate
13.010616,77.666013,KR_Puram,5,6,57,chain_snatching,1.49,danger
12.817661,77.60211,Bannerghatta,12,1,26,traffic_violation,3.75,safe
12.966703,77.620011,Shivajinagar,18,5,66,theft,2.15,danger
13.049885,77.584616,Hebbal,21,2,48,trespassing,2.96,moderate
12.939149,77.606361,Koramangala,10,0,63,minor_assault,2.97,moderate
13.041195,77.591797,Hebbal,11,2,33,minor_assault,3.13,moderate
13.004294,77.670362,KR_Puram,17,0,62,chain_snatching,2.38,danger
13.042494,77.582695,Hebbal,1,5,47,theft,3.4,moderate
12.942462,77.630577,Koramangala,15,3,56,theft,2.7,moderate
12.939752,77.748745,Whitefield,14,6,14,traffic_violation,4.44,safe
12.970625,77.570497,Chickpet,2,6,76,robbery,2.42,danger
13.007173,77.643465,Indiranagar,12,3,16,noise_complaint,4.04,safe
13.03247,77.559182,Yeshwanthpur,15,5,16,trespassing,3.32,moderate
12.998128,77.596795,Shivajinagar,7,6,75,chain_snatching,1.87,danger
13.010661,77.665083,KR_Puram,15,2,66,robbery,1.84,danger
12.913855,77.563614,Jyothy_Institute,11,6,3,minor_dispute,4.69,safe
12.971893,77.578005,Chickpet,23,2,71,chain_snatching,1.36,danger
12.999678,77.543777,Rajajinagar,2,5,47,theft,2.66,moderate
12.941081,77.745699,Whitefield,15,0,14,noise_complaint,4.78,safe
12.91538,77.558978,Jyothy_Institute,22,0,0,minor_dispute,4.91,safe
12.908234,77.654916,HSR_Layout,17,0,22,minor_dispute,4.73,safe
13.023395,77.591641,Hebbal,14,2,49,vandalism,3.5,moderate
12.921988,77.631602,HSR_Layout,9,6,26,noise_complaint,4.51,safe
12.916361,77.62606,HSR_Layout,16,6,30,noise_complaint,4.53,safe
13.002753,77.560867,Rajajinagar,13,5,46,vandalism,3.35,moderate
12.968213,77.577251,Chickpet,23,6,82,robbery,1.24,danger
12.992693,77.658283,KR_Puram,11,6,61,theft,1.13,danger
12.916337,77.652663,HSR_Layout,10,0,25,traffic_violation,4.59,safe
12.863275,77.572617,Bannerghatta,15,1,18,traffic_violation,3.7,safe
12.962429,77.657857,Marathahalli,12,6,12,minor_dispute,4.4,safe
12.996935,77.668968,KR_Puram,19,4,53,chain_snatching,1.86,danger
12.948295,77.695083,Marathahalli,15,2,8,traffic_violation,3.87,safe
12.977398,77.647056,Indiranagar,5,3,26,noise_complaint,4.6,safe
12.86125,77.659363,Electronic_City,16,3,38,trespassing,3.09,moderate
12.929508,77.619302,Koramangala,0,3,70,vandalism,3.0,moderate
12.971241,77.766425,Whitefield,16,4,5,traffic_violation,4.93,safe
12.849453,77.603043,Bannerghatta,7,3,9,minor_dispute,4.85,safe
12.970785,77.566556,Chickpet,20,1,67,harassment,2.02,danger
12.955396,77.698282,Marathahalli,9,1,41,minor_dispute,4.61,safe
12.936566,77.592869,Jayanagar,20,6,40,minor_assault,3.44,moderate
12.836165,77.688962,Electronic_City,13,1,40,trespassing,2.98,moderate
12.899843,77.566076,Jayanagar,15,1,51,trespassing,2.82,moderate
12.987014,77.670681,KR_Puram,19,6,53,theft,1.46,danger
12.969815,77.591406,Shivajinagar,23,0,83,theft,1.4,danger
12.987619,77.596437,Shivajinagar,9,4,61,harassment,1.98,danger
12.95573,77.736068,Marathahalli,10,2,23,minor_dispute,4.87,safe
12.993731,77.592572,Shivajinagar,23,6,63,assault,1.69,danger
12.962397,77.564746,Chickpet,0,4,70,assault,1.63,danger
12.896184,77.641587,HSR_Layout,18,1,21,noise_complaint,4.61,safe
12.972969,77.609855,Shivajinagar,4,5,76,robbery,1.32,danger
12.970689,77.595018,Shivajinagar,21,3,78,assault,2.48,danger
13.034316,77.593926,Hebbal,19,6,43,minor_assault,2.62,moderate
12.928583,77.692229,Bellandur,12,0,28,traffic_violation,4.64,safe
12.987636,77.577264,KR_Market,23,1,80,assault,1.16,danger
13.037727,77.593912,Hebbal,1,0,61,minor_assault,3.13,moderate
12.957555,77.77534,Whitefield,10,4,8,noise_complaint,4.6,safe
12.992356,77.651486,KR_Puram,22,0,48,harassment,1.53,danger
12.985144,77.740119,Whitefield,14,5,6,noise_complaint,5.0,safe
12.95799,77.574933,KR_Market,11,0,96,assault,2.34,danger
12.963471,77.575134,Chickpet,2,4,96,assault,1.76,danger
13.001573,77.530445,Rajajinagar,16,6,50,vandalism,2.94,moderate
13.017344,77.64082,KR_Puram,18,2,65,robbery,1.21,danger
12.854908,77.580664,Bannerghatta,15,2,25,minor_dispute,4.68,safe
13.021656,77.558874,Yeshwanthpur,2,1,52,trespassing,2.79,moderate
12.841864,77.571528,Bannerghatta,4,5,15,minor_dispute,4.81,safe
13.02394,77.671254,KR_Puram,21,4,74,assault,1.27,danger
12.972181,77.572214,Majestic,21,4,72,assault,1.95,danger
12.941617,77.622643,Koramangala,21,6,30,trespassing,3.44,moderate
12.989051,77.545704,Rajajinagar,14,0,50,vandalism,3.02,moderate
12.93496,77.606864,Koramangala,21,3,33,vandalism,3.2,moderate
12.983536,77.593159,Shivajinagar,23,2,69,robbery,1.0,danger
12.970104,77.687734,Marathahalli,10,1,4,minor_dispute,3.73,safe
13.028431,77.562211,Yeshwanthpur,6,5,52,theft,2.64,moderate
12.932323,77.622448,Koramangala,14,4,43,theft,2.61,moderate
13.008963,77.660821,KR_Puram,20,2,77,robbery,1.58,danger
12.970126,77.567829,Chickpet,22,6,81,robbery,1.8,danger
12.98637,77.531779,Rajajinagar,7,4,46,minor_assault,3.16,moderate
12.966542,77.580183,Chickpet,15,6,89,harassment,2.3,danger
12.989145,77.554133,Rajajinagar,15,4,45,minor_assault,3.11,moderate
12.9786,77.5787,Majestic,21,0,80,robbery,1.18,danger
12.904337,77.649152,HSR_Layout,16,4,30,noise_complaint,4.07,safe
12.978992,77.586667,KR_Market,20,1,81,robbery,1.75,danger
12.994028,77.562964,Rajajinagar,6,5,73,trespassing,3.17,moderate
12.996905,77.599478,Shivajinagar,23,4,67,harassment,1.15,danger
12.976942,77.610566,Shivajinagar,18,0,69,harassment,1.45,danger
12.951204,77.58605,KR_Market,20,3,82,chain_snatching,2.15,danger
12.923539,77.587623,Jayanagar,5,6,55,theft,3.39,moderate
12.978358,77.60788,Shivajinagar,22,2,65,theft,1.23,danger
13.040752,77.592662,Hebbal,5,4,47,minor_assault,3.14,moderate
13.034818,77.579205,Hebbal,3,2,51,theft,2.9,moderate
12.912428,77.65814,HSR_Layout,12,0,10,noise_complaint,3.62,safe
12.865482,77.583417,Bannerghatta,11,2,14,traffic_violation,4.21,safe
12.926732,77.631584,Koramangala,1,3,57,vandalism,3.48,moderate
13.030612,77.600549,Hebbal,7,3,57,theft,3.11,moderate
13.001073,77.658191,KR_Puram,21,4,62,assault,1.37,danger
12.827819,77.68676,Electronic_City,15,6,40,minor_assault,3.29,moderate
12.949056,77.741733,Whitefield,16,0,0,traffic_violation,4.09,safe
12.951003,77.567222,KR_Market,20,4,77,harassment,1.1,danger
13.032423,77.579048,Hebbal,0,3,56,minor_assault,2.88,moderate
12.971388,77.553882,Majestic,6,1,83,assault,1.5,danger
13.023525,77.684923,KR_Puram,4,2,67,theft,1.57,danger
12.931475,77.626266,Koramangala,13,2,43,vandalism,3.21,moderate
12.966437,77.700692,Marathahalli,10,5,23,noise_complaint,3.63,safe
12.974352,77.570558,Chickpet,22,5,83,robbery,1.93,danger
13.036668,77.587958,Hebbal,8,2,62,theft,3.14,moderate
12.935019,77.677405,Bellandur,15,2,27,noise_complaint,3.93,safe
12.986479,77.571979,Majestic,22,2,88,robbery,1.25,danger
12.992707,77.597313,Shivajinagar,4,3,54,theft,1.31,danger
12.98511,77.660688,Indiranagar,9,3,9,minor_dispute,3.89,safe
12.873143,77.579379,Bannerghatta,5,2,9,traffic_violation,4.88,safe
12.973538,77.554295,Rajajinagar,5,6,57,theft,2.58,moderate
13.033305,77.555885,Yeshwanthpur,2,3,46,trespassing,3.21,moderate
13.002016,77.664812,KR_Puram,3,5,74,harassment,1.78,danger
13.00219,77.661618,KR_Puram,0,6,79,chain_snatching,2.0,danger
12.92114,77.660685,HSR_Layout,16,6,36,traffic_violation,5.0,safe
12.98315,77.566023,Majestic,20,6,89,robbery,1.96,danger
12.940835,77.658815,Bellandur,13,5,20,noise_complaint,4.35,safe
12.9649,77.574086,Chickpet,21,5,83,robbery,1.05,danger
12.976304,77.634632,Indiranagar,6,1,36,noise_complaint,4.21,safe
12.97209,77.542967,Rajajinagar,18,0,53,trespassing,2.85,moderate
13.012787,77.548951,Yeshwanthpur,3,6,35,theft,2.61,moderate
12.979317,77.597987,Shivajinagar,9,6,57,robbery,1.03,danger
12.934986,77.739557,Whitefield,5,0,2,traffic_violation,3.67,safe
12.973205,77.589691,KR_Market,19,2,75,theft,1.82,danger
12.976407,77.538242,Rajajinagar,22,2,50,vandalism,2.93,moderate
12.963518,77.566692,Majestic,3,6,86,assault,1.79,danger
12.980523,77.563992,KR_Market,21,4,80,harassment,1.1,danger
12.958974,77.575,Majestic,16,5,102,harassment,1.02,danger
12.967159,77.574674,KR_Market,16,0,80,harassment,1.52,danger
12.957501,77.618462,Koramangala,23,6,39,theft,3.15,moderate
12.989592,77.603789,Shivajinagar,22,6,81,assault,1.66,danger
12.941943,77.692654,Marathahalli,12,1,21,noise_complaint,4.39,safe
12.974478,77.583261,Chickpet,0,6,79,theft,2.02,danger
12.976498,77.604704,Shivajinagar,19,6,71,assault,2.0,danger
12.955008,77.591257,KR_Market,23,6,90,assault,2.16,danger
12.923106,77.667603,Bellandur,9,0,3,traffic_violation,4.59,safe
12.981899,77.601381,Shivajinagar,22,1,58,theft,1.62,danger
12.956997,77.761406,Whitefield,10,0,31,minor_dispute,4.71,safe
13.015739,77.664273,KR_Puram,23,2,61,robbery,2.42,danger
12.975168,77.574546,KR_Market,16,3,84,harassment,1.18,danger
12.936437,77.621283,Koramangala,6,5,47,minor_assault,3.03,moderate
12.995069,77.669777,KR_Puram,21,6,62,harassment,1.85,danger
12.928849,77.607921,Jayanagar,6,1,47,minor_assault,3.36,moderate
13.000936,77.5904,Shivajinagar,15,0,110,theft,1.13,danger
12.981688,77.576617,Majestic,8,3,97,theft,1.65,danger
12.968488,77.582073,Chickpet,11,4,94,theft,1.86,danger
12.931614,77.677038,Bellandur,11,3,8,noise_complaint,4.74,safe
12.976381,77.641678,Indiranagar,15,4,17,noise_complaint,4.13,safe
12.861399,77.594792,Bannerghatta,15,6,12,noise_complaint,3.91,safe
13.033797,77.554206,Yeshwanthpur,11,2,48,minor_assault,3.04,moderate
12.967997,77.575316,Chickpet,21,6,73,harassment,2.12,danger
12.964287,77.59867,Shivajinagar,20,2,73,theft,1.62,danger
12.99553,77.676375,KR_Puram,22,2,71,harassment,1.02,danger
12.930614,77.642692,HSR_Layout,10,0,0,traffic_violation,4.33,safe
12.998483,77.627374,Indiranagar,9,5,23,traffic_violation,4.47,safe
12.981684,77.759631,Whitefield,13,6,27,noise_complaint,4.6,safe
12.852816,77.611345,Bannerghatta,15,4,31,noise_complaint,4.13,safe
12.97053,77.571809,KR_Market,20,5,86,assault,2.07,danger
12.985199,77.596384,Shivajinagar,19,5,74,harassment,1.47,danger
12.851619,77.694161,Electronic_City,15,6,16,theft,3.04,moderate
13.005034,77.676831,KR_Puram,16,3,72,chain_snatching,1.3,danger
12.985228,77.586821,Shivajinagar,23,3,72,robbery,1.16,danger
12.958958,77.580026,KR_Market,18,4,80,chain_snatching,1.02,danger
12.999747,77.672992,KR_Puram,9,5,66,assault,1.69,danger
12.97376,77.56296,Rajajinagar,9,0,59,vandalism,2.85,moderate
12.982562,77.553192,Rajajinagar,6,5,39,minor_assault,3.12,moderate
13.059843,77.612227,Hebbal,2,5,40,vandalism,3.31,moderate
12.914521,77.646464,Bellandur,14,5,15,noise_complaint,4.99,safe
12.981346,77.574546,Majestic,19,0,88,harassment,2.48,danger
12.976983,77.610486,Shivajinagar,0,2,82,robbery,2.22,danger
12.969715,77.570949,KR_Market,0,0,70,theft,1.32,danger
12.924828,77.562655,Jyothy_Institute,10,2,22,noise_complaint,4.42,safe
12.925177,77.623392,Koramangala,14,1,53,minor_assault,2.85,moderate
12.956757,77.573125,KR_Market,22,2,86,theft,2.16,danger
12.96653,77.56152,Majestic,1,6,96,theft,1.56,danger
12.967258,77.583827,KR_Market,23,4,82,harassment,2.35,danger
12.890854,77.641105,HSR_Layout,16,1,4,traffic_violation,3.93,safe
12.977256,77.576461,Chickpet,3,2,80,assault,1.06,danger
12.96298,77.564113,KR_Market,22,5,106,robbery,2.18,danger
12.964711,77.757811,Whitefield,7,4,25,traffic_violation,4.34,safe
12.973101,77.572167,Majestic,23,1,82,chain_snatching,1.44,danger
12.960702,77.710066,Marathahalli,4,5,29,minor_dispute,4.42,safe
13.029289,77.610487,Hebbal,6,4,40,minor_assault,3.21,moderate
12.978642,77.571144,Majestic,18,1,73,assault,1.81,danger
12.853969,77.573357,Bannerghatta,15,1,32,traffic_violation,3.86,safe
12.909057,77.555963,Jyothy_Institute,9,5,31,minor_dispute,3.83,safe
12.994154,77.556199,Rajajinagar,17,4,56,minor_assault,3.01,moderate
13.020991,77.546414,Yeshwanthpur,6,4,64,trespassing,3.2,moderate
12.972257,77.576023,Majestic,16,0,88,robbery,1.72,danger
12.970035,77.696728,Marathahalli,18,6,15,minor_dispute,3.52,safe
12.970412,77.742596,Whitefield,9,6,18,traffic_violation,4.36,safe
12.995925,77.559301,Rajajinagar,3,3,48,vandalism,2.55,moderate
12.962777,77.573412,Majestic,17,1,91,chain_snatching,1.94,danger
12.853684,77.698649,Electronic_City,16,4,42,trespassing,2.71,moderate
12.918559,77.591704,Jayanagar,22,2,47,minor_assault,3.36,moderate
12.931787,77.609079,Koramangala,13,3,38,vandalism,3.03,moderate
13.006846,77.654587,KR_Puram,23,5,65,theft,1.21,danger
12.89661,77.605575,HSR_Layout,8,4,0,traffic_violation,4.05,safe
13.011225,77.672132,KR_Puram,16,2,73,harassment,1.18,danger
12.97306,77.544533,Rajajinagar,22,4,54,minor_assault,3.07,moderate
12.971081,77.570759,Majestic,20,5,117,theft,2.32,danger
12.987051,77.559348,Majestic,22,3,74,chain_snatching,2.36,danger
12.984649,77.563556,Majestic,13,0,91,harassment,1.64,danger
12.956715,77.591319,Jayanagar,9,3,57,theft,3.29,moderate
13.026487,77.619305,Hebbal,5,0,44,vandalism,3.23,moderate
12.96322,77.770118,Whitefield,15,6,26,traffic_violation,4.45,safe
13.031737,77.546723,Yeshwanthpur,5,1,45,theft,2.79,moderate
12.972453,77.623892,Indiranagar,13,0,17,traffic_violation,4.44,safe
12.964965,77.584064,Chickpet,15,0,82,robbery,1.38,danger
13.018533,77.663453,KR_Puram,22,6,60,theft,1.25,danger
12.973734,77.571809,Majestic,20,6,91,robbery,1.94,danger
12.986039,77.560492,Rajajinagar,19,6,54,trespassing,3.41,moderate
12.959971,77.557598,KR_Market,22,2,84,assault,1.95,danger
12.951226,77.615195,Koramangala,9,5,49,theft,3.07,moderate
12.954362,77.581133,KR_Market,23,0,96,harassment,1.28,danger
12.99321,77.636816,Indiranagar,12,0,8,minor_dispute,3.82,safe
12.995195,77.556853,Rajajinagar,0,0,34,vandalism,3.49,moderate
13.028493,77.545582,Yeshwanthpur,9,2,60,trespassing,2.79,moderate
13.007906,77.661755,KR_Puram,11,1,81,chain_snatching,1.97,danger
12.913487,77.558615,Jyothy_Institute,7,2,1,minor_dispute,3.53,safe
12.974116,77.592327,Shivajinagar,18,5,80,chain_snatching,1.04,danger
12.940052,77.592902,Jayanagar,0,3,41,trespassing,3.48,moderate
12.872143,77.665945,Electronic_City,22,4,45,trespassing,2.56,moderate
12.993428,77.547825,Rajajinagar,12,4,69,theft,3.33,moderate
12.922005,77.663897,Bellandur,12,6,18,noise_complaint,4.21,safe
12.957478,77.788509,Whitefield,14,3,10,minor_dispute,4.7,safe
12.943253,77.596977,Jayanagar,21,3,50,minor_assault,3.12,moderate
12.930095,77.631144,Koramangala,15,6,54,vandalism,3.46,moderate
12.960098,77.585594,Majestic,4,6,79,chain_snatching,1.94,danger
12.976399,77.576556,Chickpet,0,2,88,harassment,1.95,danger
12.918408,77.561351,Jyothy_Institute,13,3,16,noise_complaint,4.36,safe
12.964317,77.588088,Chickpet,19,5,79,assault,1.26,danger
12.963693,77.585255,Chickpet,19,4,90,harassment,1.34,danger
12.912345,77.608753,Jayanagar,18,2,31,trespassing,3.07,moderate
12.985625,77.570362,Majestic,14,5,65,robbery,1.93,danger
12.996998,77.662473,KR_Puram,21,3,75,assault,2.41,danger
12.969713,77.578479,KR_Market,22,3,74,chain_snatching,2.36,danger
12.977573,77.693247,Marathahalli,7,0,31,noise_complaint,3.78,safe
12.965569,77.583923,KR_Market,12,5,92,harassment,1.14,danger
13.03959,77.594853,Hebbal,19,1,54,theft,3.29,moderate
12.974018,77.639247,Indiranagar,4,3,34,traffic_violation,4.48,safe
12.974067,77.561663,Majestic,21,5,85,harassment,1.22,danger
12.950835,77.61652,Koramangala,18,6,46,trespassing,3.22,moderate
12.962729,77.584749,KR_Market,19,4,81,robbery,1.36,danger
12.983974,77.588571,Shivajinagar,16,1,51,robbery,2.2,danger
12.947975,77.69638,Marathahalli,10,6,21,traffic_violation,4.38,safe
13.007968,77.557395,Rajajinagar,19,6,25,theft,2.84,moderate
13.001745,77.650827,Indiranagar,8,0,23,traffic_violation,3.99,safe
12.977176,77.601455,Shivajinagar,14,3,89,robbery,1.56,danger
12.955551,77.577931,KR_Market,21,0,100,chain_snatching,1.45,danger
12.937304,77.681807,Bellandur,9,2,29,minor_dispute,4.95,safe
13.043637,77.597515,Hebbal,17,1,51,trespassing,3.17,moderate
12.931876,77.591022,Jayanagar,20,4,46,vandalism,3.2,moderate
12.929147,77.573952,Jayanagar,2,2,46,vandalism,3.49,moderate
12.918743,77.616811,Koramangala,17,2,27,theft,3.32,moderate
12.997737,77.759418,Whitefield,17,5,32,noise_complaint,4.18,safe
12.915523,77.564904,Jyothy_Institute,13,1,0,traffic_violation,4.12,safe
12.836197,77.653593,Electronic_City,21,1,26,trespassing,3.26,moderate
12.966224,77.56675,Majestic,10,0,97,assault,2.03,danger
12.954808,77.583647,KR_Market,20,6,90,chain_snatching,1.02,danger
12.917512,77.553779,Jyothy_Institute,11,0,5,traffic_violation,3.97,safe
12.965208,77.573678,KR_Market,20,3,89,harassment,1.23,danger
12.853499,77.594896,Bannerghatta,18,3,13,minor_dispute,4.26,safe
13.013475,77.675965,KR_Puram,20,1,53,robbery,2.14,danger
12.96949,77.582468,Chickpet,16,1,88,robbery,1.22,danger
12.981401,77.55259,Rajajinagar,14,6,62,trespassing,2.76,moderate
12.930062,77.602212,Jayanagar,6,1,39,theft,3.32,moderate
12.903246,77.599048,Jayanagar,18,0,20,minor_assault,3.03,moderate
12.904769,77.637808,HSR_Layout,11,6,0,minor_dispute,5.0,safe
12.966201,77.574045,Chickpet,22,4,70,harassment,1.59,danger
12.850787,77.679716,Electronic_City,13,6,41,minor_assault,2.59,moderate
12.985691,77.657105,KR_Puram,2,4,75,assault,1.02,danger
12.827867,77.679852,Electronic_City,12,1,34,trespassing,3.01,moderate
12.853795,77.650503,Electronic_City,18,5,51,minor_assault,2.93,moderate
12.984314,77.655434,KR_Puram,13,1,65,theft,1.86,danger
13.01121,77.666271,KR_Puram,10,5,71,harassment,1.06,danger
12.97926,77.566918,Majestic,8,4,101,chain_snatching,1.73,danger
12.837863,77.681176,Electronic_City,5,4,51,trespassing,3.04,moderate
12.985267,77.572258,Majestic,23,0,64,theft,1.74,danger
12.986476,77.574203,Majestic,21,6,101,robbery,2.01,danger
12.932899,77.6348,Koramangala,16,4,53,theft,3.25,moderate
12.862338,77.598084,Bannerghatta,7,1,17,noise_complaint,4.94,safe
12.93662,77.672302,Bellandur,11,0,17,noise_complaint,4.18,safe
12.985617,77.649343,Indiranagar,14,3,18,traffic_violation,4.36,safe
12.991929,77.561946,Rajajinagar,11,1,87,theft,2.5,moderate
12.941899,77.585652,Jayanagar,21,3,34,theft,3.23,moderate
12.938461,77.607297,Koramangala,3,5,71,vandalism,2.73,moderate
12.974979,77.614699,Shivajinagar,23,4,57,robbery,1.99,danger
12.966487,77.574455,Chickpet,5,0,74,chain_snatching,1.43,danger
13.020743,77.557829,Yeshwanthpur,10,1,54,vandalism,2.77,moderate
12.976566,77.573006,Majestic,14,4,79,robbery,1.61,danger
12.949225,77.621556,Koramangala,17,2,47,minor_assault,3.22,moderate
13.029467,77.577389,Hebbal,23,0,64,minor_assault,2.89,moderate
12.967986,77.571738,Chickpet,19,1,79,robbery,2.42,danger
12.975457,77.571694,Majestic,17,5,84,theft,2.19,danger
12.962455,77.741974,Whitefield,14,5,0,minor_dispute,4.77,safe
12.990193,77.55377,Rajajinagar,10,3,61,vandalism,2.59,moderate
12.967909,77.677829,Marathahalli,10,0,21,noise_complaint,4.71,safe
12.86109,77.573112,Bannerghatta,10,0,12,noise_complaint,3.62,safe
12.945856,77.621026,Koramangala,21,4,52,minor_assault,2.91,moderate
12.975354,77.569556,Majestic,5,0,73,harassment,2.3,danger
12.870305,77.592285,Bannerghatta,18,2,6,noise_complaint,4.14,safe
12.843609,77.662751,Electronic_City,2,6,33,minor_assault,2.55,moderate
12.976416,77.563002,Majestic,17,5,95,harassment,1.15,danger
12.966722,77.58832,KR_Market,23,1,86,harassment,1.61,danger
12.986637,77.713864,Whitefield,12,5,11,traffic_violation,3.64,safe
12.913012,77.553734,Jyothy_Institute,9,6,22,minor_dispute,5.0,safe
12.980146,77.59512,Shivajinagar,21,4,75,assault,1.54,danger
12.972606,77.575414,Chickpet,23,1,82,chain_snatching,1.31,danger
12.971064,77.584631,Chickpet,22,5,85,robbery,2.01,danger
12.939086,77.621603,Koramangala,16,5,50,minor_assault,3.48,moderate
12.970574,77.56338,Chickpet,22,4,90,robbery,2.23,danger
13.000649,77.654851,KR_Puram,2,1,85,chain_snatching,1.18,danger
13.010011,77.670362,KR_Puram,22,2,87,robbery,2.32,danger
12.91561,77.55546,Jyothy_Institute,12,2,1,noise_complaint,3.97,safe
12.956407,77.583234,KR_Market,23,4,82,harassment,2.14,danger
12.924031,77.552483,Jyothy_Institute,13,5,3,noise_complaint,4.91,safe
12.949799,77.709762,Marathahalli,11,0,21,noise_complaint,3.82,safe
12.913911,77.598614,Jayanagar,13,3,45,vandalism,3.07,moderate
12.968254,77.568111,Chickpet,19,3,81,theft,1.11,danger
12.91935,77.602606,Jayanagar,8,1,32,trespassing,2.92,moderate
12.920084,77.650942,Bellandur,13,5,21,traffic_violation,4.83,safe
12.93948,77.651344,Koramangala,6,2,49,theft,3.12,moderate
12.983387,77.60001,Shivajinagar,16,3,82,assault,2.44,danger
12.974862,77.573848,Majestic,21,0,99,theft,1.7,danger
13.030209,77.553368,Yeshwanthpur,23,4,54,trespassing,2.9,moderate
12.973349,77.639525,Indiranagar,12,1,20,traffic_violation,4.47,safe
13.013912,77.672764,KR_Puram,5,0,57,chain_snatching,1.11,danger
12.966527,77.624296,Indiranagar,14,1,12,noise_complaint,4.8,safe
12.966601,77.738986,Whitefield,11,2,15,minor_dispute,3.8,safe
12.980436,77.568926,Majestic,23,6,93,robbery,2.18,danger
13.004338,77.665901,KR_Puram,21,1,73,theft,1.86,danger
12.930507,77.574275,Jayanagar,3,3,47,minor_assault,2.84,moderate
13.026165,77.597251,Hebbal,21,2,31,vandalism,2.52,moderate
12.914092,77.554924,Jyothy_Institute,6,5,0,minor_dispute,4.17,safe
12.94201,77.658042,Bellandur,16,5,17,traffic_violation,4.47,safe
13.001652,77.671884,KR_Puram,6,6,70,assault,2.41,danger
12.948248,77.672501,Marathahalli,10,6,22,minor_dispute,4.96,safe
13.019609,77.595877,Hebbal,23,2,44,vandalism,3.34,moderate
12.913034,77.591361,Jayanagar,17,0,47,theft,2.88,moderate
12.992044,77.610749,Shivajinagar,16,0,69,assault,1.88,danger
12.982126,77.575171,Majestic,5,4,86,harassment,2.37,danger
12.949396,77.57535,KR_Market,22,5,62,theft,1.12,danger
12.917959,77.558721,Jyothy_Institute,16,3,5,traffic_violation,3.55,safe
13.001588,77.672501,KR_Puram,21,4,64,theft,1.86,danger
12.913412,77.596964,Jayanagar,23,0,40,minor_assault,2.65,moderate
13.052348,77.595467,Hebbal,13,3,62,trespassing,2.82,moderate
12.826299,77.685014,Electronic_City,22,4,40,vandalism,2.81,moderate
13.012814,77.668524,KR_Puram,17,1,84,harassment,2.44,danger
12.97997,77.595269,Shivajinagar,18,6,74,chain_snatching,1.82,danger
13.025813,77.663389,KR_Puram,5,6,40,harassment,2.32,danger
12.965972,77.573527,KR_Market,23,1,79,assault,2.23,danger
13.032949,77.557817,Yeshwanthpur,6,0,47,theft,2.87,moderate
12.995721,77.600648,Shivajinagar,4,2,73,assault,2.26,danger
12.997624,77.674276,KR_Puram,10,3,80,theft,2.24,danger
13.038192,77.606514,Hebbal,2,5,58,minor_assault,2.84,moderate
12.963674,77.589538,KR_Market,13,1,88,harassment,1.93,danger
13.032405,77.559192,Yeshwanthpur,10,1,45,theft,3.41,moderate
13.019594,77.554406,Yeshwanthpur,15,6,39,vandalism,3.48,moderate
13.030668,77.553302,Yeshwanthpur,20,2,54,minor_assault,3.25,moderate
13.02844,77.589919,Hebbal,7,0,37,theft,3.11,moderate
12.876709,77.651263,Electronic_City,19,2,58,theft,2.82,moderate
13.038358,77.576519,Hebbal,0,0,43,trespassing,2.86,moderate
13.005256,77.675579,KR_Puram,4,3,67,chain_snatching,2.17,danger
13.012252,77.547886,Rajajinagar,22,4,75,trespassing,2.54,moderate
12.972656,77.642169,Indiranagar,10,5,22,traffic_violation,3.79,safe
12.843663,77.686477,Electronic_City,2,1,43,minor_assault,2.86,moderate
12.926008,77.582051,Jayanagar,4,6,41,theft,3.23,moderate
12.990867,77.623161,Indiranagar,12,6,30,traffic_violation,4.62,safe
12.939325,77.691497,Marathahalli,6,5,27,minor_dispute,4.07,safe
12.9301,77.670991,Bellandur,13,2,3,minor_dispute,4.26,safe
12.918404,77.598538,Jayanagar,18,5,46,vandalism,3.13,moderate
12.972094,77.580679,Chickpet,12,0,77,harassment,2.3,danger
12.976487,77.565624,Majestic,16,6,112,theft,2.41,danger
12.947457,77.571278,KR_Market,20,3,91,harassment,1.29,danger
12.980364,77.569021,Majestic,22,3,98,theft,1.21,danger
12.925568,77.602808,Jayanagar,3,3,52,minor_assault,3.15,moderate
12.991772,77.556448,Rajajinagar,21,3,48,theft,3.45,moderate
12.959803,77.571327,KR_Market,7,3,93,theft,1.76,danger
12.968179,77.570591,Chickpet,18,5,66,assault,1.36,danger
12.971582,77.641102,Indiranagar,8,1,14,noise_complaint,4.73,safe
12.910314,77.581199,Jayanagar,1,0,53,theft,2.62,moderate
12.85117,77.676591,Electronic_City,4,6,24,vandalism,3.32,moderate
12.973274,77.569321,Chickpet,23,3,63,theft,2.43,danger
12.957835,77.594032,KR_Market,11,5,91,chain_snatching,1.08,danger
12.915457,77.605124,Jayanagar,18,4,43,vandalism,2.77,moderate
13.01072,77.686007,KR_Puram,14,5,63,theft,1.66,danger
13.001007,77.67454,KR_Puram,17,3,62,theft,2.02,danger
12.889741,77.634963,HSR_Layout,12,3,22,noise_complaint,4.74,safe
12.986138,77.590402,Shivajinagar,19,5,77,chain_snatching,1.07,danger
13.004883,77.659682,KR_Puram,16,4,57,robbery,1.98,danger
12.935841,77.632037,Koramangala,12,1,47,theft,2.51,moderate
12.958702,77.558706,KR_Market,17,1,69,chain_snatching,2.47,danger
12.998242,77.685894,KR_Puram,17,2,74,harassment,2.24,danger
12.99568,77.545258,Rajajinagar,17,1,59,theft,2.89,moderate
12.918385,77.561571,Jyothy_Institute,10,2,29,minor_dispute,3.61,safe
12.981079,77.577497,Majestic,20,2,99,robbery,1.25,danger
12.84169,77.694839,Electronic_City,13,5,53,trespassing,3.4,moderate
12.908968,77.693393,Bellandur,9,3,37,traffic_violation,4.39,safe
12.9739,77.634139,Indiranagar,8,2,14,minor_dispute,3.94,safe
13.037147,77.596166,Hebbal,14,2,40,vandalism,3.18,moderate
13.020618,77.66096,KR_Puram,22,4,63,chain_snatching,1.16,danger
12.943503,77.684268,Marathahalli,7,1,27,minor_dispute,3.64,safe
12.918098,77.59788,Jayanagar,11,6,51,trespassing,2.97,moderate
12.879251,77.659008,Electronic_City,16,5,37,minor_assault,3.23,moderate
13.036621,77.617964,Hebbal,4,5,46,vandalism,2.67,moderate
12.851531,77.700174,Electronic_City,18,4,46,minor_assault,2.9,moderate
12.961067,77.566875,Chickpet,22,0,60,harassment,2.08,danger
12.994956,77.555001,Rajajinagar,20,1,72,vandalism,3.01,moderate
12.896916,77.691942,Bellandur,11,3,46,minor_dispute,3.55,safe
12.989982,77.558358,Rajajinagar,8,3,52,theft,2.87,moderate
12.964741,77.572812,KR_Market,23,2,84,robbery,1.77,danger
12.801497,77.693548,Electronic_City,10,4,39,minor_assault,3.24,moderate
12.928067,77.668721,Bellandur,8,2,26,minor_dispute,3.59,safe
12.924073,77.694674,Bellandur,20,3,20,traffic_violation,3.96,safe
12.955175,77.575251,Chickpet,12,6,68,robbery,1.1,danger
12.973759,77.566521,Majestic,1,3,69,theft,2.49,danger
12.944415,77.618183,Koramangala,0,1,47,minor_assault,2.81,moderate
12.973979,77.574096,Majestic,21,1,75,chain_snatching,1.02,danger
12.985443,77.55632,Rajajinagar,8,5,70,theft,2.93,moderate
12.862028,77.669672,Electronic_City,7,6,22,theft,3.31,moderate
13.027973,77.548421,Yeshwanthpur,5,4,59,trespassing,3.06,moderate
13.017848,77.556235,Yeshwanthpur,20,0,60,theft,3.44,moderate
12.959333,77.57489,Chickpet,16,2,73,theft,2.04,danger
12.933679,77.603473,Jayanagar,4,5,46,minor_assault,3.2,moderate
12.973051,77.583585,KR_Market,16,1,85,robbery,2.11,danger
12.99869,77.661463,KR_Puram,9,0,79,assault,1.35,danger
12.96079,77.57764,Chickpet,14,0,77,theft,2.27,danger
12.965313,77.595485,Chickpet,5,3,81,harassment,1.1,danger
13.035474,77.589171,Hebbal,4,4,52,vandalism,3.5,moderate
12.98861,77.60858,Shivajinagar,22,4,81,chain_snatching,2.35,danger
12.815299,77.692115,Electronic_City,19,2,32,trespassing,3.38,moderate
12.962386,77.586639,KR_Market,21,6,73,theft,1.17,danger
12.978453,77.649512,Indiranagar,4,3,17,minor_dispute,4.27,safe
12.858703,77.621733,Bannerghatta,11,0,7,noise_complaint,3.84,safe
13.008241,77.666239,KR_Puram,17,2,54,harassment,1.26,danger
12.934791,77.612391,Koramangala,20,5,45,minor_assault,2.6,moderate
12.922591,77.557135,Jyothy_Institute,7,5,0,noise_complaint,3.77,safe
12.912771,77.560172,Jyothy_Institute,5,0,7,minor_dispute,4.67,safe
13.035971,77.600347,Hebbal,7,2,83,theft,2.93,moderate
12.977883,77.571426,Majestic,20,5,94,theft,1.64,danger
12.98144,77.621145,Shivajinagar,20,0,65,theft,1.85,danger
13.021818,77.541766,Yeshwanthpur,2,5,70,minor_assault,2.57,moderate
12.970504,77.572016,Chickpet,16,2,75,assault,2.07,danger
12.96524,77.592292,KR_Market,21,2,100,harassment,2.14,danger
13.013657,77.678813,KR_Puram,12,3,72,harassment,2.45,danger
12.993466,77.556744,Rajajinagar,7,5,61,theft,3.0,moderate
13.000542,77.662963,KR_Puram,21,1,58,harassment,1.68,danger
12.975425,77.569506,Majestic,23,6,84,robbery,1.39,danger
13.052739,77.557791,Yeshwanthpur,22,5,49,minor_assault,2.61,moderate
12.967144,77.585428,Shivajinagar,18,1,88,robbery,1.17,danger
12.994295,77.596154,Shivajinagar,22,6,66,harassment,1.14,danger
13.005896,77.566854,Rajajinagar,6,0,52,vandalism,2.86,moderate
12.982883,77.596305,Shivajinagar,21,1,71,harassment,1.5,danger
12.951644,77.580882,Chickpet,1,4,105,theft,2.24,danger
13.014592,77.543998,Yeshwanthpur,18,3,54,vandalism,3.18,moderate
12.955358,77.769448,Whitefield,16,0,25,noise_complaint,4.4,safe
13.022203,77.541278,Yeshwanthpur,2,6,64,theft,2.84,moderate
12.97654,77.60529,Shivajinagar,18,1,81,harassment,2.16,danger
12.97221,77.570898,Chickpet,3,3,75,robbery,1.45,danger
12.912434,77.557051,Jyothy_Institute,17,6,8,noise_complaint,4.25,safe
13.003447,77.663938,KR_Puram,18,3,82,harassment,2.16,danger
13.039301,77.560524,Yeshwanthpur,11,6,42,theft,3.47,moderate
12.845564,77.606753,Bannerghatta,13,1,2,traffic_violation,4.59,safe
12.932973,77.63259,HSR_Layout,13,2,33,minor_dispute,3.81,safe
12.979476,77.562103,Majestic,17,2,97,theft,2.15,danger
12.970553,77.592657,Shivajinagar,17,0,89,chain_snatching,2.06,danger
13.027294,77.548469,Yeshwanthpur,3,0,45,minor_assault,2.87,moderate
12.989346,77.573952,Majestic,21,5,93,robbery,2.26,danger
12.970229,77.569715,Chickpet,22,6,68,theft,2.41,danger
13.015702,77.570612,Yeshwanthpur,4,2,40,minor_assault,2.56,moderate
12.985556,77.555774,Rajajinagar,14,4,47,minor_assault,3.33,moderate
12.987612,77.568229,Majestic,23,0,80,chain_snatching,2.19,danger
12.972266,77.575951,Majestic,8,6,88,chain_snatching,1.27,danger
12.962365,77.570539,Chickpet,21,3,74,harassment,1.97,danger
12.981952,77.575495,Majestic,17,3,90,theft,2.26,danger
12.976491,77.586051,Chickpet,12,4,70,theft,2.26,danger
12.940445,77.693772,Bellandur,17,5,27,traffic_violation,3.98,safe
12.987958,77.563307,Rajajinagar,16,5,60,theft,2.91,moderate
12.96951,77.568421,Chickpet,7,6,113,theft,1.03,danger
13.02594,77.619759,Hebbal,0,1,48,minor_assault,3.23,moderate
13.039496,77.594871,Hebbal,10,0,63,minor_assault,3.5,moderate
12.963685,77.582177,KR_Market,19,1,86,robbery,1.96,danger
12.977806,77.635169,Indiranagar,4,3,26,noise_complaint,4.51,safe
12.999033,77.560639,Rajajinagar,21,0,54,vandalism,3.46,moderate
12.987892,77.596693,Shivajinagar,3,5,98,robbery,1.26,danger
12.978054,77.596216,Shivajinagar,20,0,91,robbery,2.32,danger
12.972668,77.575955,Majestic,23,6,80,harassment,1.68,danger
12.976435,77.565969,Rajajinagar,7,5,59,theft,2.69,moderate
13.025045,77.65995,KR_Puram,20,6,62,theft,1.51,danger
12.994928,77.669682,KR_Puram,19,3,63,theft,2.37,danger
13.04136,77.560876,Yeshwanthpur,1,1,21,theft,3.38,moderate
12.949729,77.781869,Whitefield,10,5,17,traffic_violation,4.95,safe
12.853786,77.585128,Bannerghatta,11,5,21,traffic_violation,3.93,safe
13.031909,77.542725,Yeshwanthpur,11,6,29,trespassing,3.37,moderate
12.912629,77.556657,Jyothy_Institute,11,0,32,minor_dispute,4.52,safe
12.908293,77.55882,Jyothy_Institute,11,4,7,noise_complaint,4.29,safe
12.908934,77.552983,Jyothy_Institute,16,6,0,minor_dispute,4.78,safe
12.97105,77.570364,Chickpet,17,1,54,theft,1.52,danger
12.820212,77.649592,Electronic_City,2,1,27,minor_assault,3.37,moderate
12.971451,77.5761,Chickpet,23,5,83,theft,2.41,danger
12.983424,77.597768,Shivajinagar,21,0,78,harassment,1.81,danger
12.973855,77.575053,Chickpet,23,4,71,chain_snatching,1.95,danger
12.813677,77.683918,Electronic_City,22,3,41,trespassing,3.03,moderate
13.003442,77.665121,KR_Puram,3,1,72,chain_snatching,2.47,danger
12.962534,77.570048,Chickpet,17,3,75,robbery,1.86,danger
12.988545,77.736885,Whitefield,18,0,5,noise_complaint,3.53,safe
12.968716,77.57611,KR_Market,16,1,67,assault,2.4,danger
13.035287,77.544531,Yeshwanthpur,11,3,42,theft,2.6,moderate
12.909049,77.595019,Jayanagar,5,0,30,theft,2.73,moderate
12.998565,77.560776,Rajajinagar,19,0,59,minor_assault,3.26,moderate
12.949998,77.582607,Jayanagar,15,2,47,minor_assault,2.7,moderate
12.945411,77.609153,Koramangala,9,2,67,vandalism,3.21,moderate
12.801408,77.656831,Electronic_City,21,4,44,theft,3.02,moderate
12.97343,77.573645,Chickpet,16,0,72,robbery,2.1,danger
12.955758,77.593659,KR_Market,23,2,73,assault,2.09,danger
12.983213,77.759789,Whitefield,12,1,22,minor_dispute,4.24,safe
12.996887,77.548858,Rajajinagar,13,1,45,trespassing,3.45,moderate
12.992606,77.682771,KR_Puram,23,2,77,theft,1.35,danger
12.963877,77.575602,Chickpet,19,1,77,chain_snatching,1.12,danger
12.989587,77.570151,Rajajinagar,22,2,41,minor_assault,3.02,moderate
12.998876,77.676628,KR_Puram,3,1,61,theft,1.93,danger
12.929041,77.578584,Jayanagar,22,4,44,minor_assault,2.72,moderate
12.989362,77.598277,Shivajinagar,20,2,68,theft,1.03,danger
12.908909,77.556445,Jyothy_Institute,13,6,10,traffic_violation,3.9,safe
12.965073,77.71856,Marathahalli,10,1,15,traffic_violation,4.08,safe
12.966383,77.672817,Marathahalli,7,5,33,noise_complaint,4.87,safe
13.009282,77.669759,KR_Puram,20,5,61,assault,1.87,danger
12.963906,77.578739,Chickpet,17,1,68,harassment,1.72,danger
12.999485,77.673405,KR_Puram,13,5,84,chain_snatching,1.25,danger
12.985574,77.573321,Majestic,15,0,89,theft,1.94,danger
12.976917,77.57014,Majestic,17,5,79,theft,1.41,danger
12.955551,77.577358,KR_Market,23,2,93,harassment,2.04,danger
12.982651,77.574224,Majestic,23,1,68,harassment,2.22,danger
12.973145,77.576852,KR_Market,21,2,95,robbery,1.2,danger
13.038736,77.603604,Hebbal,2,1,51,vandalism,3.19,moderate
12.971307,77.562689,Majestic,22,2,92,assault,1.02,danger
12.946862,77.719998,Marathahalli,13,6,10,minor_dispute,3.88,safe
12.921286,77.566049,Jyothy_Institute,13,5,1,minor_dispute,4.85,safe
12.96734,77.699085,Marathahalli,15,2,18,noise_complaint,4.47,safe
12.913543,77.656157,Bellandur,11,2,18,noise_complaint,3.58,safe
13.01736,77.558688,Rajajinagar,9,4,60,minor_assault,3.07,moderate
12.969264,77.562912,Majestic,21,2,83,robbery,2.5,danger
13.02998,77.556931,Yeshwanthpur,17,3,39,vandalism,3.28,moderate
12.978653,77.606929,Shivajinagar,18,0,73,theft,2.38,danger
12.992095,77.595266,Shivajinagar,20,6,62,robbery,1.79,danger
12.935929,77.58761,Jayanagar,0,1,34,theft,3.3,moderate
13.051938,77.592623,Hebbal,23,3,51,theft,3.0,moderate
12.93912,77.613711,Jayanagar,1,0,55,theft,2.79,moderate
12.918966,77.653093,HSR_Layout,4,4,14,minor_dispute,4.24,safe
12.906615,77.640746,HSR_Layout,7,2,8,noise_complaint,4.6,safe
12.834446,77.691339,Electronic_City,4,4,46,trespassing,2.92,moderate
12.96556,77.579979,KR_Market,15,3,77,theft,1.98,danger
12.932987,77.686202,Bellandur,16,5,12,minor_dispute,4.49,safe
12.92898,77.682318,Bellandur,10,6,17,minor_dispute,4.02,safe
12.977509,77.563485,Majestic,8,5,72,robbery,1.54,danger
12.977879,77.60412,Shivajinagar,17,0,68,theft,1.3,danger
13.014225,77.679351,KR_Puram,1,2,81,robbery,1.51,danger
12.932275,77.628797,HSR_Layout,12,0,0,minor_dispute,3.63,safe
13.033695,77.544878,Yeshwanthpur,17,3,41,vandalism,2.65,moderate
12.945696,77.617061,Koramangala,15,1,47,vandalism,3.33,moderate
12.904205,77.648515,HSR_Layout,21,6,24,noise_complaint,4.5,safe
12.970835,77.596786,Shivajinagar,17,6,68,harassment,1.5,danger
12.941662,77.614508,Koramangala,4,5,50,trespassing,2.7,moderate
12.930656,77.616116,Koramangala,16,4,49,theft,3.41,moderate
13.034533,77.571494,Hebbal,7,4,51,theft,3.2,moderate
12.923193,77.585884,Jayanagar,10,5,31,theft,3.26,moderate
12.840101,77.690597,Electronic_City,12,2,59,trespassing,3.44,moderate
12.960706,77.572247,KR_Market,22,6,74,robbery,2.14,danger
12.963158,77.578073,Chickpet,23,5,80,robbery,1.47,danger
12.966948,77.574428,Chickpet,16,2,86,theft,1.14,danger
12.983343,77.590828,Shivajinagar,16,4,56,robbery,2.14,danger
12.981745,77.783068,Whitefield,7,0,22,traffic_violation,4.2,safe
12.842689,77.662881,Electronic_City,9,1,35,minor_assault,3.01,moderate
13.000192,77.68,KR_Puram,21,4,72,theft,1.54,danger
13.031206,77.59633,Hebbal,3,6,60,vandalism,2.92,moderate
12.981399,77.606736,Shivajinagar,18,1,91,theft,1.7,danger
13.018776,77.566377,Yeshwanthpur,2,4,60,trespassing,3.12,moderate
12.964657,77.573072,Chickpet,20,6,77,robbery,2.35,danger
12.954513,77.693684,Marathahalli,6,5,23,minor_dispute,4.29,safe
12.997846,77.597225,Shivajinagar,16,0,64,theft,1.3,danger
12.994422,77.589266,Shivajinagar,12,4,71,robbery,1.78,danger
13.007418,77.539015,Yeshwanthpur,10,4,44,theft,3.37,moderate
12.977589,77.578397,KR_Market,16,0,76,assault,2.07,danger
13.017152,77.678585,KR_Puram,4,5,72,assault,1.61,danger
13.023054,77.673319,KR_Puram,17,6,64,assault,1.73,danger
12.987204,77.566361,Majestic,15,3,100,chain_snatching,1.73,danger
13.031217,77.582933,Hebbal,22,6,34,minor_assault,3.08,moderate
12.810999,77.662652,Electronic_City,9,3,47,theft,2.92,moderate
12.979486,77.577359,Majestic,22,3,96,chain_snatching,2.41,danger
12.838714,77.67513,Electronic_City,16,2,30,trespassing,3.11,moderate
12.998201,77.651358,KR_Puram,21,1,72,robbery,1.6,danger
12.909036,77.564159,Jyothy_Institute,7,0,12,noise_complaint,3.78,safe
12.949219,77.733444,Whitefield,15,5,22,noise_complaint,4.27,safe
12.972655,77.598557,Shivajinagar,4,0,76,chain_snatching,1.02,danger
12.925869,77.591334,Jayanagar,9,4,39,trespassing,3.43,moderate
12.982659,77.589292,Shivajinagar,16,3,61,harassment,1.24,danger
12.963346,77.585469,Chickpet,2,6,104,theft,1.94,danger
13.006292,77.675528,KR_Puram,22,0,66,theft,1.94,danger
12.993703,77.666742,KR_Puram,13,2,59,robbery,1.14,danger
12.96501,77.576619,Chickpet,20,6,71,robbery,2.03,danger
13.004036,77.668938,KR_Puram,21,2,79,robbery,2.42,danger
13.015862,77.612753,Hebbal,12,5,59,vandalism,3.24,moderate
12.960858,77.595673,KR_Market,17,0,75,theft,2.19,danger
13.036927,77.596782,Hebbal,21,5,70,trespassing,2.93,moderate
12.98649,77.624448,Shivajinagar,0,1,73,chain_snatching,2.18,danger
12.824931,77.695291,Electronic_City,11,5,33,minor_assault,3.03,moderate
12.967511,77.640274,Indiranagar,9,1,33,traffic_violation,4.49,safe
13.039847,77.598053,Hebbal,14,2,58,trespassing,3.15,moderate
12.9943,77.547057,Rajajinagar,23,0,27,trespassing,2.52,moderate
12.997281,77.558291,Rajajinagar,3,1,69,minor_assault,2.52,moderate
12.989295,77.614435,Shivajinagar,20,2,89,theft,1.19,danger
12.920132,77.596363,Jayanagar,10,2,58,minor_assault,3.15,moderate
12.992849,77.603916,Shivajinagar,17,4,92,robbery,1.35,danger
12.962785,77.591246,KR_Market,2,2,87,robbery,2.07,danger
12.971288,77.575776,Chickpet,16,0,72,theft,1.29,danger
13.013914,77.597054,Hebbal,9,1,58,vandalism,2.98,moderate
12.956998,77.571774,Chickpet,18,3,72,assault,2.17,danger
12.970984,77.634569,Indiranagar,10,0,15,noise_complaint,3.59,safe
12.979309,77.584098,Shivajinagar,22,5,72,theft,1.08,danger
12.971982,77.57164,KR_Market,16,4,87,chain_snatching,1.21,danger
12.962565,77.570131,Chickpet,23,0,87,theft,2.46,danger
12.956762,77.694791,Marathahalli,14,3,11,minor_dispute,3.59,safe
13.042089,77.549036,Yeshwanthpur,23,3,56,theft,2.57,moderate
12.989106,77.606506,Shivajinagar,23,1,91,robbery,1.16,danger
12.983512,77.753085,Whitefield,7,2,34,minor_dispute,4.74,safe
12.966102,77.572189,Chickpet,19,1,70,chain_snatching,1.69,danger
12.951076,77.575094,KR_Market,22,2,74,chain_snatching,1.03,danger
13.004083,77.664226,KR_Puram,22,3,68,assault,2.04,danger
12.934619,77.574356,Jayanagar,18,1,51,minor_assault,3.29,moderate
13.038934,77.596722,Hebbal,20,5,69,minor_assault,2.99,moderate
12.972029,77.570073,Chickpet,4,5,85,chain_snatching,1.02,danger
12.948141,77.650816,Indiranagar,9,2,15,minor_dispute,4.7,safe
12.924313,77.596337,Jayanagar,22,5,40,trespassing,2.75,moderate
12.975351,77.631719,Indiranagar,16,4,21,minor_dispute,4.44,safe
12.966146,77.568555,Chickpet,23,4,75,theft,1.51,danger
12.954762,77.719456,Marathahalli,10,4,26,noise_complaint,3.71,safe
12.978588,77.611038,Indiranagar,12,5,20,traffic_violation,3.52,safe
12.995319,77.552613,Rajajinagar,4,2,42,theft,2.6,moderate
12.965192,77.578044,Chickpet,22,4,58,chain_snatching,1.83,danger
12.921235,77.595726,Jayanagar,4,5,40,vandalism,2.87,moderate
12.952009,77.578519,KR_Market,17,3,90,chain_snatching,2.18,danger
12.979006,77.569859,Majestic,2,3,82,assault,1.34,danger
12.947017,77.686967,Marathahalli,12,0,23,minor_dispute,4.82,safe
12.968732,77.584587,Chickpet,18,6,73,harassment,1.06,danger
12.982797,77.605425,Shivajinagar,18,6,57,assault,2.42,danger
12.919183,77.620623,HSR_Layout,10,6,21,minor_dispute,4.38,safe
12.983071,77.558766,Rajajinagar,19,2,49,theft,2.66,moderate
13.011503,77.542953,Rajajinagar,1,2,40,vandalism,2.66,moderate
12.961649,77.748964,Whitefield,17,2,18,traffic_violation,4.05,safe
12.985849,77.591673,Shivajinagar,20,1,78,chain_snatching,1.29,danger
12.935814,77.60976,Koramangala,19,4,29,vandalism,3.46,moderate
12.960871,77.584091,KR_Market,23,5,78,assault,2.27,danger
13.046474,77.584749,Hebbal,22,3,49,theft,2.6,moderate
12.965252,77.577852,Chickpet,21,2,97,chain_snatching,1.0,danger
12.983416,77.602769,Shivajinagar,22,3,70,theft,1.57,danger
12.990344,77.541692,Rajajinagar,13,2,67,theft,3.33,moderate
12.917356,77.687914,Bellandur,8,1,28,noise_complaint,4.77,safe
13.00663,77.542929,Rajajinagar,7,6,60,theft,2.91,moderate
12.961113,77.680566,Marathahalli,14,2,16,traffic_violation,3.65,safe
12.986811,77.567422,Majestic,19,2,105,chain_snatching,2.21,danger
12.876284,77.588552,Bannerghatta,16,1,11,traffic_violation,4.44,safe
12.992975,77.682993,KR_Puram,23,6,53,robbery,1.6,danger
12.972704,77.577225,Chickpet,21,0,78,chain_snatching,1.4,danger
13.031221,77.599372,Hebbal,16,0,55,theft,3.29,moderate
12.997852,77.678549,KR_Puram,20,5,79,harassment,1.25,danger
12.969936,77.570573,Chickpet,21,5,60,harassment,1.48,danger
13.003382,77.662285,KR_Puram,23,6,79,harassment,2.14,danger
12.918641,77.588226,Jayanagar,15,0,51,vandalism,3.12,moderate
12.936629,77.596196,Koramangala,14,4,58,trespassing,3.45,moderate
12.925953,77.642748,Koramangala,18,5,63,minor_assault,3.25,moderate
13.002526,77.692772,KR_Puram,18,2,67,theft,2.15,danger
12.972363,77.571219,Chickpet,1,4,85,chain_snatching,1.11,danger
12.946163,77.630977,Koramangala,7,6,39,theft,2.65,moderate
12.98025,77.575869,Majestic,20,5,78,chain_snatching,1.49,danger
13.030265,77.615255,Hebbal,13,1,44,vandalism,2.87,moderate
12.995575,77.756709,Whitefield,12,0,9,traffic_violation,4.84,safe
13.003623,77.653262,KR_Puram,23,5,75,assault,2.49,danger
12.835345,77.669157,Electronic_City,11,0,36,vandalism,3.17,moderate
12.909846,77.653795,HSR_Layout,14,4,24,noise_complaint,3.96,safe
13.00246,77.618187,Indiranagar,9,1,12,minor_dispute,3.61,safe
12.984887,77.588293,Shivajinagar,19,4,72,assault,1.45,danger
12.986868,77.643569,KR_Puram,20,5,69,harassment,2.31,danger
13.004321,77.665244,KR_Puram,19,0,80,assault,2.14,danger
12.995196,77.689353,KR_Puram,5,5,66,assault,2.33,danger
12.935687,77.590816,KR_Market,22,2,81,assault,1.59,danger
12.974401,77.572904,Majestic,22,1,100,harassment,2.22,danger
12.909033,77.605203,Jayanagar,21,1,62,minor_assault,3.47,moderate
12.951877,77.585665,KR_Market,12,5,80,assault,1.37,danger
12.976255,77.571,Majestic,2,5,90,chain_snatching,1.27,danger
12.958881,77.584024,Chickpet,23,0,73,assault,2.24,danger
12.969294,77.576159,Chickpet,17,2,88,assault,1.08,danger
12.950237,77.623417,Koramangala,15,2,39,minor_assault,2.94,moderate
12.970673,77.768671,Whitefield,4,0,21,traffic_violation,3.63,safe
12.832024,77.674346,Electronic_City,22,2,34,vandalism,3.28,moderate
12.916113,77.616654,Koramangala,20,4,71,minor_assault,2.99,moderate
12.981034,77.612985,Indiranagar,13,3,26,traffic_violation,4.83,safe
12.86472,77.678557,Electronic_City,8,3,43,theft,3.02,moderate
12.98827,77.590299,Shivajinagar,20,2,74,harassment,2.31,danger
12.918073,77.559758,Jyothy_Institute,13,2,7,noise_complaint,4.97,safe
12.95643,77.600306,Koramangala,11,0,36,minor_assault,2.56,moderate
12.847834,77.587716,Bannerghatta,8,3,36,traffic_violation,3.87,safe
12.980087,77.572248,Majestic,18,6,73,chain_snatching,1.0,danger
12.855022,77.698775,Electronic_City,13,4,24,trespassing,3.26,moderate
12.973393,77.769056,Whitefield,7,1,18,noise_complaint,4.9,safe
12.967862,77.582416,KR_Market,17,5,88,assault,1.73,danger
12.963919,77.763849,Whitefield,12,4,9,traffic_violation,4.09,safe
12.969131,77.570557,Chickpet,17,4,55,harassment,1.35,danger
13.018406,77.731796,Whitefield,12,5,27,minor_dispute,4.17,safe
12.988701,77.547922,Rajajinagar,16,1,43,theft,3.28,moderate
12.919821,77.587556,Jayanagar,1,2,51,theft,3.02,moderate
12.966615,77.581718,KR_Market,19,6,69,theft,1.19,danger
12.978937,77.54095,Rajajinagar,6,2,63,vandalism,3.14,moderate
12.916623,77.599745,Jayanagar,10,6,42,vandalism,3.22,moderate
12.989047,77.634271,Indiranagar,6,4,19,noise_complaint,4.56,safe
12.996019,77.606385,Shivajinagar,21,3,57,robbery,1.45,danger
12.848629,77.583342,Bannerghatta,10,4,7,traffic_violation,3.96,safe
12.971769,77.74548,Whitefield,13,0,24,noise_complaint,4.56,safe
12.911036,77.633613,Koramangala,6,0,42,minor_assault,2.87,moderate
12.832211,77.69474,Electronic_City,10,1,24,minor_assault,2.73,moderate
12.936417,77.615456,Koramangala,9,6,55,minor_assault,3.18,moderate
12.980041,77.574048,Majestic,12,3,105,assault,2.19,danger
12.927735,77.552444,Jyothy_Institute,8,5,23,noise_complaint,4.15,safe
12.991049,77.571305,Majestic,12,0,82,chain_snatching,1.31,danger
12.966803,77.579379,Chickpet,23,4,70,chain_snatching,1.81,danger
12.958266,77.60072,KR_Market,21,5,84,harassment,2.49,danger
13.053434,77.596451,Hebbal,21,0,50,minor_assault,3.42,moderate
12.982456,77.557994,Rajajinagar,20,0,50,trespassing,3.22,moderate
13.01259,77.545543,Yeshwanthpur,15,4,65,vandalism,3.16,moderate
13.006156,77.67453,KR_Puram,22,0,62,chain_snatching,2.44,danger
12.961049,77.573906,Chickpet,23,3,100,theft,1.54,danger
12.96005,77.693005,Marathahalli,12,5,24,minor_dispute,4.35,safe
12.861023,77.599999,Bannerghatta,14,4,11,minor_dispute,4.66,safe
12.96622,77.579238,Chickpet,21,3,79,assault,1.38,danger
12.962937,77.583006,Chickpet,18,4,83,robbery,1.93,danger
13.028423,77.604856,Hebbal,19,2,48,vandalism,3.19,moderate
12.97657,77.572287,Majestic,11,6,105,assault,1.12,danger
13.012599,77.675631,KR_Puram,14,5,78,assault,1.62,danger
12.949773,77.61576,Koramangala,17,5,57,trespassing,2.54,moderate
12.990906,77.606479,Shivajinagar,9,1,69,chain_snatching,2.44,danger
12.985514,77.569619,Rajajinagar,22,1,55,theft,3.01,moderate
12.847997,77.689381,Electronic_City,19,2,59,theft,3.19,moderate
12.935491,77.655078,HSR_Layout,18,4,29,traffic_violation,3.75,safe
12.985873,77.56729,Majestic,1,5,73,harassment,2.15,danger
12.916971,77.636405,Koramangala,8,4,49,theft,2.95,moderate
12.921944,77.559943,Jyothy_Institute,17,4,29,noise_complaint,3.6,safe
13.002199,77.667622,KR_Puram,17,6,71,chain_snatching,1.69,danger
12.948512,77.566941,KR_Market,13,4,85,harassment,1.33,danger
13.011274,77.666961,KR_Puram,10,5,83,harassment,2.02,danger
12.932671,77.758078,Whitefield,6,1,26,noise_complaint,3.58,safe
12.995841,77.602643,Shivajinagar,23,0,74,theft,2.08,danger
12.969584,77.583313,KR_Market,23,5,94,assault,1.95,danger
12.984001,77.575583,Chickpet,23,0,66,chain_snatching,1.36,danger
12.921905,77.567863,Jyothy_Institute,16,2,15,minor_dispute,4.47,safe
12.915881,77.63968,Koramangala,21,1,47,minor_assault,2.65,moderate
12.980073,77.575131,Majestic,15,6,88,assault,1.56,danger
12.858329,77.578995,Bannerghatta,18,3,25,minor_dispute,4.64,safe
12.979588,77.567083,Majestic,1,1,79,chain_snatching,2.46,danger
12.99341,77.678248,KR_Puram,14,1,81,theft,2.02,danger
12.864,77.603963,Bannerghatta,13,6,8,noise_complaint,4.56,safe
12.960244,77.561918,KR_Market,20,2,82,theft,1.45,danger
12.960963,77.580129,Majestic,6,4,72,assault,2.35,danger
12.919027,77.554404,Jyothy_Institute,11,3,10,traffic_violation,4.95,safe
12.986981,77.633597,Indiranagar,8,2,36,traffic_violation,3.88,safe
12.952803,77.583674,KR_Market,23,2,69,chain_snatching,1.57,danger
12.914274,77.567607,Jayanagar,11,5,38,theft,2.95,moderate
12.981401,77.581996,Majestic,21,1,87,robbery,1.51,danger
12.93573,77.601411,Jayanagar,11,2,44,vandalism,2.84,moderate
12.992215,77.668591,KR_Puram,5,2,63,chain_snatching,1.7,danger
12.912245,77.643513,HSR_Layout,10,1,21,noise_complaint,4.63,safe
12.972872,77.565579,Majestic,5,5,97,chain_snatching,1.77,danger
13.00905,77.547418,Rajajinagar,3,5,55,minor_assault,3.49,moderate
12.960869,77.586933,Chickpet,2,5,89,harassment,2.31,danger
12.914281,77.674138,Bellandur,16,4,2,noise_complaint,3.72,safe
13.016579,77.555056,Yeshwanthpur,9,4,45,trespassing,2.98,moderate
12.990832,77.701721,Marathahalli,7,3,20,noise_complaint,4.34,safe
12.979443,77.60033,Shivajinagar,19,1,55,assault,1.89,danger
12.960108,77.570744,KR_Market,20,6,89,robbery,1.3,danger
12.98828,77.602088,Shivajinagar,22,6,66,robbery,1.03,danger
12.979632,77.598307,Shivajinagar,13,2,68,theft,1.51,danger
12.969724,77.562674,Majestic,14,2,102,robbery,1.29,danger
12.939145,77.694508,Marathahalli,9,3,19,traffic_violation,3.8,safe
12.964455,77.560181,Majestic,21,4,97,harassment,1.15,danger
13.021324,77.549854,Yeshwanthpur,6,6,48,theft,3.02,moderate
12.902727,77.623091,HSR_Layout,21,6,20,traffic_violation,4.21,safe
12.961389,77.587318,KR_Market,4,5,82,theft,1.49,danger
12.989861,77.547393,Rajajinagar,4,6,37,vandalism,2.63,moderate
12.986022,77.571607,Majestic,17,6,81,theft,2.21,danger
12.967756,77.721761,Whitefield,15,6,0,minor_dispute,4.52,safe
12.926154,77.599284,Jayanagar,5,3,56,theft,2.53,moderate
12.837563,77.67215,Electronic_City,1,6,40,trespassing,3.48,moderate
12.970619,77.637291,Indiranagar,15,4,18,minor_dispute,4.58,safe
12.997154,77.661118,Indiranagar,11,3,22,traffic_violation,4.27,safe
13.045748,77.596559,Hebbal,20,0,50,theft,2.8,moderate
13.012399,77.668906,KR_Puram,22,5,77,chain_snatching,1.3,danger
13.002298,77.667819,KR_Puram,13,1,72,theft,1.74,danger
12.911657,77.667154,Bellandur,12,2,9,noise_complaint,4.45,safe
13.024735,77.534839,Yeshwanthpur,20,6,35,minor_assault,2.62,moderate
12.977209,77.56842,Majestic,0,3,79,assault,1.88,danger
12.974377,77.574952,Chickpet,21,0,80,harassment,2.49,danger
12.926282,77.593292,Jayanagar,16,6,38,minor_assault,3.21,moderate
12.922213,77.561668,Jyothy_Institute,14,3,18,traffic_violation,3.83,safe
13.011534,77.672546,KR_Puram,18,2,67,theft,1.88,danger
12.992825,77.560944,Majestic,20,1,81,theft,2.32,danger
12.923943,77.559898,Jyothy_Institute,14,1,18,noise_complaint,4.4,safe
12.953537,77.57612,KR_Market,16,3,106,robbery,1.67,danger
12.966624,77.744256,Whitefield,13,6,12,traffic_violation,3.96,safe
12.924756,77.574191,Jyothy_Institute,5,1,19,traffic_violation,4.17,safe
12.967195,77.566812,Chickpet,21,0,72,harassment,1.92,danger
12.982097,77.559715,Majestic,20,5,111,theft,1.79,danger
13.022268,77.559261,Yeshwanthpur,2,6,37,theft,3.17,moderate
12.975164,77.568269,KR_Market,21,5,76,chain_snatching,1.85,danger
12.965937,77.578662,KR_Market,8,4,65,harassment,2.1,danger
12.932461,77.633857,Koramangala,17,0,52,theft,3.41,moderate
13.038539,77.552578,Yeshwanthpur,6,1,50,minor_assault,3.5,moderate
12.940278,77.686732,Marathahalli,14,3,32,noise_complaint,4.95,safe
12.936491,77.62136,Koramangala,4,4,49,minor_assault,3.48,moderate
13.031242,77.534622,Yeshwanthpur,18,6,59,vandalism,2.5,moderate
12.922107,77.638371,Koramangala,16,1,44,vandalism,3.21,moderate
12.992447,77.569356,Rajajinagar,1,4,49,minor_assault,2.61,moderate
13.014906,77.665824,KR_Puram,4,6,61,assault,2.04,danger
12.984348,77.678081,KR_Puram,22,1,61,harassment,1.25,danger
12.926753,77.594804,Jayanagar,23,4,18,trespassing,2.65,moderate
12.979633,77.569918,KR_Market,20,4,80,assault,2.08,danger
13.024182,77.542186,Yeshwanthpur,10,1,49,vandalism,3.48,moderate
12.865908,77.601215,Bannerghatta,18,2,19,noise_complaint,4.32,safe
13.008783,77.666011,KR_Puram,19,0,69,assault,1.43,danger
13.039143,77.610962,Hebbal,22,0,58,theft,2.7,moderate
12.975454,77.632599,Indiranagar,16,4,40,minor_dispute,4.7,safe
13.005931,77.545319,Rajajinagar,9,4,45,trespassing,2.76,moderate
12.934732,77.644076,Bellandur,16,4,13,minor_dispute,4.36,safe
12.991959,77.595597,Shivajinagar,22,6,76,assault,2.32,danger
13.032679,77.568622,Yeshwanthpur,22,5,34,minor_assault,2.98,moderate
12.975741,77.574298,Majestic,16,5,90,harassment,1.51,danger
12.990642,77.663562,KR_Puram,18,6,54,robbery,1.32,danger
12.963129,77.755694,Whitefield,15,5,0,noise_complaint,3.79,safe
12.924325,77.66052,Bellandur,16,4,30,minor_dispute,4.45,safe
12.95595,77.578414,Chickpet,12,3,83,harassment,2.4,danger
13.023911,77.622396,Hebbal,10,3,52,theft,3.07,moderate
12.972595,77.577834,KR_Market,2,4,84,harassment,1.53,danger
12.984272,77.568105,Majestic,21,1,88,chain_snatching,2.18,danger
12.961738,77.751753,Whitefield,13,6,16,noise_complaint,4.37,safe
12.840213,77.691805,Electronic_City,0,2,24,minor_assault,2.96,moderate
12.936207,77.636156,Koramangala,23,4,63,vandalism,2.77,moderate
12.923381,77.560098,Jyothy_Institute,9,1,2,noise_complaint,4.9,safe
13.025309,77.563734,Yeshwanthpur,17,6,68,minor_assault,2.56,moderate
12.833026,77.637276,Electronic_City,14,6,34,theft,3.05,moderate
12.969849,77.57083,Chickpet,18,3,89,harassment,2.23,danger
12.912235,77.637265,HSR_Layout,8,1,15,noise_complaint,3.92,safe
12.826408,77.633531,Bannerghatta,15,3,9,minor_dispute,4.36,safe
13.016019,77.54715,Yeshwanthpur,4,0,63,trespassing,3.37,moderate
12.868286,77.616208,Bannerghatta,13,3,2,minor_dispute,4.37,safe
12.972847,77.573501,Chickpet,2,0,66,harassment,1.58,danger
12.92986,77.627355,Koramangala,21,4,47,trespassing,3.39,moderate
12.963025,77.585927,KR_Market,21,6,78,chain_snatching,1.78,danger
12.960242,77.572074,KR_Market,22,0,99,harassment,1.1,danger
12.999391,77.61803,Shivajinagar,21,2,66,chain_snatching,2.41,danger
12.958042,77.565345,KR_Market,22,4,81,robbery,2.43,danger
12.978986,77.560256,Majestic,22,2,94,robbery,2.1,danger
12.985838,77.565722,Chickpet,16,1,93,chain_snatching,2.41,danger
12.82566,77.602098,Bannerghatta,12,4,25,noise_complaint,4.05,safe
13.034509,77.625628,Hebbal,19,5,71,minor_assault,3.26,moderate
12.988301,77.556617,Rajajinagar,19,6,48,trespassing,2.77,moderate
13.035079,77.60073,Hebbal,5,3,50,minor_assault,3.13,moderate
12.910583,77.560353,Jyothy_Institute,12,5,0,traffic_violation,4.63,safe
12.964733,77.665734,Marathahalli,9,3,27,noise_complaint,3.97,safe
13.033895,77.551649,Yeshwanthpur,11,3,44,vandalism,3.45,moderate
12.995012,77.679126,KR_Puram,23,0,77,harassment,1.62,danger
12.908333,77.627773,HSR_Layout,16,1,9,noise_complaint,4.87,safe
12.965809,77.573736,Chickpet,17,3,69,theft,1.05,danger
12.938301,77.674441,Bellandur,11,6,25,traffic_violation,3.92,safe
12.915052,77.592157,Jayanagar,14,2,29,vandalism,2.82,moderate
12.981827,77.573321,Majestic,17,0,98,assault,1.87,danger
12.958093,77.573464,KR_Market,22,5,81,harassment,1.11,danger
12.955268,77.579076,Chickpet,0,0,72,assault,1.24,danger
12.837861,77.688768,Electronic_City,12,5,17,trespassing,2.63,moderate
12.993478,77.654861,KR_Puram,22,6,72,robbery,1.32,danger
12.914409,77.546652,Jyothy_Institute,14,0,0,traffic_violation,4.33,safe
12.964238,77.574227,KR_Market,18,6,70,theft,1.84,danger
12.944396,77.686347,Marathahalli,3,6,43,noise_complaint,4.68,safe
12.937889,77.629694,Koramangala,1,1,44,minor_assault,2.86,moderate
12.952753,77.747052,Whitefield,11,0,20,noise_complaint,4.3,safe
12.989548,77.663935,KR_Puram,16,1,68,theft,1.18,danger
12.991155,77.608973,Shivajinagar,13,0,61,harassment,1.18,danger
12.981088,77.572605,Majestic,20,1,96,harassment,1.18,danger
12.978789,77.559757,Majestic,18,1,90,theft,2.13,danger
12.941195,77.701838,Marathahalli,12,0,12,traffic_violation,3.59,safe
13.022754,77.598509,Hebbal,4,3,42,theft,3.34,moderate
12.936519,77.597104,Jayanagar,19,0,44,trespassing,2.6,moderate
12.98633,77.609552,Shivajinagar,20,5,87,robbery,1.15,danger
13.029401,77.561451,Yeshwanthpur,10,5,41,theft,3.06,moderate
12.920053,77.560497,Jyothy_Institute,19,6,15,minor_dispute,4.75,safe
12.921894,77.681534,Bellandur,10,6,28,traffic_violation,4.3,safe
12.970614,77.577693,Chickpet,23,0,87,chain_snatching,1.7,danger
12.990025,77.671293,KR_Puram,21,5,60,theft,1.95,danger
12.976215,77.574943,Majestic,7,5,81,chain_snatching,1.07,danger
12.974311,77.571219,Majestic,23,3,83,robbery,1.97,danger
12.974818,77.714587,Whitefield,17,2,28,noise_complaint,3.77,safe
12.992036,77.660296,KR_Puram,13,2,76,robbery,1.21,danger
13.037554,77.590164,Hebbal,19,0,64,vandalism,3.34,moderate
12.893535,77.655754,HSR_Layout,14,1,18,minor_dispute,4.25,safe
12.968295,77.573842,Chickpet,20,2,87,robbery,2.5,danger
12.964911,77.57498,Chickpet,20,5,73,theft,1.98,danger
12.972915,77.668128,Indiranagar,18,2,17,traffic_violation,3.96,safe
12.982051,77.679003,Marathahalli,13,6,24,minor_dispute,3.93,safe
12.958028,77.559833,KR_Market,22,0,90,assault,2.04,danger
12.924923,77.552052,Jyothy_Institute,20,1,17,minor_dispute,4.32,safe
12.920028,77.597819,Jayanagar,3,6,49,minor_assault,2.79,moderate
12.94251,77.588843,KR_Market,19,6,96,robbery,1.36,danger
13.038131,77.553188,Yeshwanthpur,12,6,39,theft,3.0,moderate
12.957444,77.645268,Indiranagar,10,6,33,noise_complaint,4.61,safe
12.954834,77.57487,Chickpet,19,0,79,assault,2.26,danger
12.983192,77.596659,Shivajinagar,19,4,85,theft,2.05,danger
13.006871,77.671884,KR_Puram,15,5,76,robbery,2.42,danger
13.021642,77.600875,Hebbal,4,5,52,minor_assault,3.22,moderate
13.005627,77.617807,Shivajinagar,20,3,69,assault,1.69,danger
12.973729,77.731845,Whitefield,9,4,9,noise_complaint,4.64,safe
12.968839,77.598029,Shivajinagar,12,4,86,chain_snatching,2.24,danger
12.82938,77.71017,Electronic_City,10,2,51,theft,2.78,moderate
12.923847,77.682163,Bellandur,16,3,18,minor_dispute,3.71,safe
12.93151,77.6335,HSR_Layout,11,5,16,minor_dispute,4.86,safe
12.98862,77.577415,Majestic,20,3,75,chain_snatching,1.53,danger
12.972002,77.571235,Majestic,7,4,93,assault,1.69,danger
12.969497,77.587586,Chickpet,19,3,85,assault,2.12,danger
13.027911,77.598387,Hebbal,22,2,42,minor_assault,2.86,moderate
12.917527,77.558801,Jyothy_Institute,10,5,2,noise_complaint,4.21,safe
12.993652,77.558545,Rajajinagar,5,4,76,trespassing,2.63,moderate
12.923555,77.638906,Koramangala,15,4,41,minor_assault,2.67,moderate
12.999677,77.603357,Shivajinagar,21,2,98,robbery,2.46,danger
12.827437,77.664104,Electronic_City,21,3,27,trespassing,2.68,moderate
12.997807,77.650169,Indiranagar,9,3,22,minor_dispute,4.5,safe
12.984132,77.54426,Rajajinagar,9,3,53,vandalism,3.32,moderate
12.939057,77.589699,Jayanagar,4,5,31,trespassing,3.44,moderate
12.98119,77.59195,Shivajinagar,6,5,65,harassment,1.43,danger
12.865734,77.699292,Electronic_City,4,3,39,theft,2.93,moderate
13.04108,77.58169,Hebbal,1,5,51,theft,3.03,moderate
12.97379,77.57057,Majestic,20,1,93,harassment,1.59,danger
13.04829,77.612668,Hebbal,1,3,51,vandalism,2.65,moderate
12.973657,77.574537,Majestic,23,2,105,theft,1.47,danger
12.987256,77.556894,Majestic,18,1,93,harassment,2.21,danger
12.923411,77.599506,Jayanagar,10,0,35,minor_assault,2.52,moderate
12.915918,77.591205,Jayanagar,15,0,55,vandalism,2.88,moderate
12.921135,77.693798,Bellandur,15,4,10,traffic_violation,4.49,safe
12.968515,77.575902,KR_Market,23,5,99,robbery,2.22,danger
13.035455,77.557017,Yeshwanthpur,16,5,46,vandalism,3.49,moderate
12.995108,77.603814,Shivajinagar,18,1,92,theft,1.28,danger
12.916471,77.640741,HSR_Layout,15,6,15,minor_dispute,4.8,safe
12.98366,77.593067,Shivajinagar,2,4,89,chain_snatching,2.43,danger
12.827594,77.647238,Electronic_City,12,4,45,theft,2.9,moderate
12.835393,77.680944,Electronic_City,12,5,22,vandalism,3.16,moderate
12.925544,77.633634,Koramangala,5,3,56,trespassing,2.53,moderate
12.831459,77.667139,Electronic_City,14,1,46,trespassing,2.9,moderate
12.971954,77.569873,Chickpet,17,4,75,chain_snatching,1.34,danger
12.97296,77.574962,Majestic,21,3,103,chain_snatching,2.44,danger
12.933237,77.653112,HSR_Layout,16,0,23,traffic_violation,4.15,safe
12.974349,77.568533,Chickpet,18,6,73,harassment,2.21,danger
12.951486,77.572778,KR_Market,18,4,92,robbery,2.41,danger
12.969273,77.598768,Shivajinagar,18,0,96,assault,2.37,danger
12.945677,77.631808,Koramangala,15,0,44,minor_assault,2.61,moderate
12.964489,77.577765,Chickpet,13,4,64,assault,1.85,danger
12.9278,77.582633,Jayanagar,4,6,50,vandalism,2.58,moderate
12.985302,77.562337,Majestic,14,6,91,theft,2.45,danger
12.973077,77.576366,Chickpet,12,5,85,robbery,1.32,danger
12.986817,77.6003,Shivajinagar,15,4,73,assault,1.98,danger
12.901321,77.646085,HSR_Layout,15,5,29,noise_complaint,4.37,safe
13.006191,77.648102,Indiranagar,14,5,19,minor_dispute,4.5,safe
12.963039,77.569228,Majestic,23,2,87,assault,1.45,danger
12.821218,77.682673,Electronic_City,23,4,45,theft,3.24,moderate
12.989676,77.558652,Rajajinagar,12,4,63,trespassing,3.47,moderate
12.963609,77.579727,Chickpet,23,2,77,assault,1.41,danger
12.986105,77.60914,Shivajinagar,20,6,65,assault,1.12,danger
12.976386,77.572578,Majestic,21,1,96,harassment,1.22,danger
12.912033,77.598288,Jayanagar,7,1,39,minor_assault,3.35,moderate
12.980079,77.555049,Majestic,21,3,79,harassment,1.25,danger
13.014508,77.536688,Yeshwanthpur,8,1,47,minor_assault,2.64,moderate
12.904048,77.615456,HSR_Layout,10,0,29,traffic_violation,4.51,safe
12.941319,77.633113,Koramangala,1,6,51,theft,3.4,moderate
12.933616,77.682522,Marathahalli,12,5,26,noise_complaint,4.69,safe
12.892988,77.633503,HSR_Layout,17,1,30,noise_complaint,4.75,safe
13.01096,77.67112,KR_Puram,12,1,84,robbery,2.32,danger
12.968708,77.562403,Chickpet,19,4,77,assault,1.67,danger
12.961169,77.583387,Chickpet,23,0,92,harassment,2.21,danger
13.003311,77.683335,KR_Puram,3,1,66,harassment,2.13,danger
12.963043,77.583822,KR_Market,6,3,72,robbery,1.54,danger
12.981119,77.57814,Chickpet,21,0,71,chain_snatching,2.29,danger
12.951161,77.613851,Koramangala,10,1,62,trespassing,2.92,moderate
12.987829,77.575318,Majestic,16,2,100,chain_snatching,1.54,danger
12.918065,77.587531,Jayanagar,8,4,45,trespassing,3.4,moderate
12.94287,77.638403,Koramangala,12,3,45,trespassing,3.04,moderate
12.909637,77.635122,HSR_Layout,12,4,14,minor_dispute,4.65,safe
12.907931,77.679906,Bellandur,2,6,21,minor_dispute,3.8,safe
12.926808,77.675369,Marathahalli,10,2,30,noise_complaint,4.92,safe
12.986254,77.5733,Majestic,7,6,79,chain_snatching,1.45,danger
12.995575,77.543492,Rajajinagar,17,4,72,minor_assault,3.29,moderate
12.9852,77.625996,Shivajinagar,22,0,66,theft,1.81,danger
13.034042,77.585529,Hebbal,3,1,47,minor_assault,3.37,moderate
12.913967,77.663675,Bellandur,15,0,23,noise_complaint,4.69,safe
12.966607,77.577301,Majestic,13,5,60,robbery,1.73,danger
12.921969,77.646373,HSR_Layout,12,3,8,noise_complaint,4.59,safe
13.054076,77.595038,Hebbal,0,2,55,minor_assault,2.91,moderate
12.911052,77.563155,Jyothy_Institute,17,5,6,noise_complaint,3.61,safe
12.939843,77.739218,Whitefield,8,2,25,minor_dispute,4.3,safe
12.912212,77.556025,Jyothy_Institute,13,0,0,traffic_violation,4.54,safe
13.029183,77.59743,Hebbal,17,4,65,trespassing,3.16,moderate
12.99348,77.599927,Shivajinagar,13,0,84,chain_snatching,1.3,danger
13.001515,77.677964,KR_Puram,18,4,57,harassment,2.36,danger
12.979998,77.557142,Rajajinagar,5,4,47,trespassing,3.17,moderate
13.019007,77.608777,Hebbal,22,2,34,minor_assault,2.84,moderate
13.012616,77.556653,Yeshwanthpur,4,6,73,theft,2.88,moderate
13.003723,77.655299,KR_Puram,3,2,63,chain_snatching,1.12,danger
13.026257,77.565754,Yeshwanthpur,14,3,50,vandalism,2.84,moderate
12.977783,77.553138,Rajajinagar,12,0,47,minor_assault,2.54,moderate
12.920272,77.588448,Jayanagar,13,6,47,trespassing,3.08,moderate
12.941095,77.622323,Koramangala,13,5,54,trespassing,2.73,moderate
12.932981,77.587987,Jayanagar,7,5,48,theft,2.88,moderate
12.840371,77.677953,Electronic_City,1,5,51,theft,2.87,moderate
12.968471,77.560972,Chickpet,14,3,87,robbery,2.39,danger
12.862202,77.568951,Bannerghatta,10,1,10,minor_dispute,3.93,safe
12.832842,77.65581,Electronic_City,14,4,53,trespassing,2.72,moderate
12.942455,77.68454,Marathahalli,17,3,39,noise_complaint,3.74,safe
12.936497,77.625318,Koramangala,13,3,58,theft,2.52,moderate
13.026487,77.66007,KR_Puram,21,0,66,theft,1.08,danger
12.963751,77.584807,Chickpet,18,3,76,assault,1.3,danger
12.969108,77.579499,Chickpet,22,2,82,assault,1.14,danger
12.949854,77.727276,Marathahalli,13,5,27,traffic_violation,4.29,safe
12.948421,77.611235,Koramangala,18,2,46,theft,2.63,moderate
12.915086,77.588343,Jayanagar,22,1,30,vandalism,2.76,moderate
12.841899,77.707517,Electronic_City,4,6,54,vandalism,2.52,moderate
12.910335,77.611737,Jayanagar,0,4,68,vandalism,2.94,moderate
12.953148,77.674478,Marathahalli,12,0,12,minor_dispute,4.78,safe
12.97885,77.60305,Shivajinagar,22,2,58,robbery,1.27,danger
12.834776,77.668879,Electronic_City,22,6,42,theft,3.06,moderate
12.989083,77.594167,Shivajinagar,23,1,78,chain_snatching,1.01,danger
12.985467,77.576133,Majestic,7,3,92,chain_snatching,1.68,danger
13.019846,77.656105,KR_Puram,21,3,76,chain_snatching,1.44,danger
12.953318,77.588117,KR_Market,12,1,88,theft,1.2,danger
12.975011,77.572232,Majestic,18,4,93,harassment,1.66,danger
12.994522,77.59722,Shivajinagar,15,1,72,theft,1.38,danger
12.925546,77.548554,Jyothy_Institute,12,0,11,traffic_violation,4.42,safe
12.968579,77.601096,Shivajinagar,22,3,61,chain_snatching,1.91,danger
12.960254,77.572558,Chickpet,23,1,84,theft,1.09,danger
12.937715,77.58381,Jayanagar,9,6,40,trespassing,2.55,moderate
12.966986,77.580598,KR_Market,14,1,102,robbery,1.38,danger
12.98537,77.606381,Shivajinagar,17,2,92,theft,2.28,danger
12.977353,77.605153,Shivajinagar,18,2,88,chain_snatching,2.48,danger
12.863348,77.555975,Bannerghatta,12,0,21,minor_dispute,4.39,safe
12.973211,77.586567,Chickpet,19,1,84,harassment,1.6,danger
12.965461,77.577346,Chickpet,21,6,91,harassment,2.41,danger
12.971585,77.577547,KR_Market,17,6,80,robbery,1.7,danger
12.973957,77.577706,Chickpet,18,3,106,harassment,1.46,danger
12.83611,77.679526,Electronic_City,8,4,30,theft,3.48,moderate
12.962116,77.58052,KR_Market,21,3,79,assault,2.16,danger
12.974895,77.568912,Chickpet,17,6,80,theft,1.3,danger
12.918358,77.637298,HSR_Layout,10,3,16,minor_dispute,4.75,safe
12.829087,77.676275,Electronic_City,5,1,41,minor_assault,2.89,moderate
12.917685,77.562941,Jyothy_Institute,15,3,14,minor_dispute,4.49,safe
13.025964,77.582704,Hebbal,16,6,44,trespassing,3.24,moderate
13.003036,77.550778,Rajajinagar,7,0,49,minor_assault,3.09,moderate
13.022511,77.596356,Hebbal,1,4,46,minor_assault,3.48,moderate
13.011111,77.660335,KR_Puram,4,5,69,harassment,2.05,danger
12.966253,77.577319,Chickpet,22,1,73,theft,1.39,danger
12.97302,77.582975,Chickpet,16,6,81,robbery,1.87,danger
13.017102,77.675131,KR_Puram,18,5,51,robbery,1.34,danger
12.97764,77.572162,Majestic,22,6,99,assault,1.91,danger
12.991162,77.768236,Whitefield,19,5,10,traffic_violation,4.44,safe
12.931291,77.62586,Koramangala,20,1,55,minor_assault,2.95,moderate
12.9898,77.592763,Shivajinagar,20,6,96,robbery,2.49,danger
12.986288,77.563698,Majestic,20,5,86,harassment,1.19,danger
12.957452,77.572859,KR_Market,22,4,87,harassment,2.36,danger
12.962678,77.573578,KR_Market,17,3,87,chain_snatching,1.77,danger
12.956275,77.690327,Marathahalli,15,4,26,noise_complaint,3.78,safe
12.913005,77.612443,Koramangala,0,6,53,minor_assault,3.0,moderate
12.974106,77.593256,Shivajinagar,17,3,66,theft,1.31,danger
12.991643,77.553791,Rajajinagar,3,6,62,theft,3.02,moderate
12.922072,77.586528,Jayanagar,22,5,46,vandalism,2.85,moderate
12.860433,77.675396,Electronic_City,14,0,40,trespassing,3.13,moderate
12.973975,77.574827,Chickpet,22,1,77,theft,2.01,danger
13.005701,77.66828,KR_Puram,23,2,74,robbery,1.13,danger
13.002492,77.665127,KR_Puram,7,4,80,harassment,2.21,danger
12.981573,77.610202,Shivajinagar,1,6,69,theft,1.87,danger
12.972652,77.566703,Chickpet,19,3,83,chain_snatching,1.39,danger
12.996767,77.553815,Rajajinagar,0,6,44,theft,2.99,moderate
12.854871,77.656086,Electronic_City,15,2,28,trespassing,3.21,moderate
12.961029,77.577406,KR_Market,17,2,89,theft,2.1,danger
12.998389,77.665994,KR_Puram,23,6,78,theft,1.82,danger
13.022054,77.664095,KR_Puram,5,3,83,harassment,1.47,danger
12.9657,77.694624,Marathahalli,13,6,43,traffic_violation,4.66,safe
13.004589,77.557384,Rajajinagar,13,0,57,trespassing,3.07,moderate
13.034502,77.54815,Yeshwanthpur,3,1,43,minor_assault,3.36,moderate
12.917761,77.554708,Jyothy_Institute,13,1,22,minor_dispute,4.69,safe
13.05059,77.595348,Hebbal,3,5,44,minor_assault,3.23,moderate
12.97991,77.596758,Shivajinagar,17,4,72,assault,2.48,danger
12.914782,77.557004,Jyothy_Institute,8,0,7,noise_complaint,4.02,safe
12.974399,77.573682,Chickpet,0,6,76,assault,1.71,danger
12.966106,77.607149,Shivajinagar,3,1,62,robbery,1.7,danger
12.844447,77.670712,Electronic_City,2,6,23,vandalism,2.92,moderate
12.997334,77.657343,KR_Puram,21,4,53,assault,2.41,danger
12.96389,77.579807,Chickpet,21,2,76,theft,2.46,danger
12.970379,77.567797,Majestic,4,2,94,assault,2.32,danger
12.988355,77.56942,Rajajinagar,20,3,43,trespassing,2.66,moderate
12.915217,77.599143,Jayanagar,1,0,44,theft,3.39,moderate
13.006941,77.655114,KR_Puram,18,6,63,chain_snatching,1.55,danger
12.983051,77.610809,Shivajinagar,22,4,69,assault,1.68,danger
13.053394,77.608857,Hebbal,2,4,38,theft,2.84,moderate
12.965764,77.572471,Chickpet,17,6,47,harassment,1.92,danger
12.972059,77.586518,Chickpet,23,0,81,robbery,1.79,danger
12.976933,77.602974,Shivajinagar,0,1,73,theft,2.45,danger
12.914829,77.559763,Jyothy_Institute,12,0,7,traffic_violation,3.54,safe
12.804952,77.666346,Electronic_City,4,6,56,theft,2.97,moderate
12.940102,77.614165,Koramangala,1,0,60,minor_assault,2.6,moderate
12.975866,77.737949,Whitefield,11,5,27,noise_complaint,4.67,safe
12.856792,77.609204,Bannerghatta,12,1,2,traffic_violation,3.89,safe
12.945861,77.623437,Koramangala,15,3,30,trespassing,2.79,moderate
12.97893,77.611427,Shivajinagar,0,5,76,chain_snatching,1.54,danger
12.854698,77.669509,Electronic_City,20,6,50,trespassing,3.47,moderate
12.959584,77.565308,KR_Market,21,2,66,robbery,1.42,danger
12.996803,77.541421,Rajajinagar,10,1,44,minor_assault,2.88,moderate
12.847892,77.625807,Bannerghatta,12,2,30,traffic_violation,4.19,safe
13.023829,77.552008,Yeshwanthpur,12,1,45,minor_assault,3.43,moderate
12.990164,77.565878,Majestic,17,4,86,chain_snatching,2.38,danger
12.97548,77.573126,Majestic,18,2,92,assault,2.49,danger
12.970807,77.581043,KR_Market,16,2,71,chain_snatching,1.78,danger
12.85084,77.594423,Bannerghatta,13,5,29,noise_complaint,3.9,safe
12.958802,77.585151,KR_Market,19,1,84,chain_snatching,1.86,danger
12.94994,77.712472,Marathahalli,6,5,25,minor_dispute,3.82,safe
12.932697,77.620005,Koramangala,12,5,45,vandalism,2.61,moderate
12.975273,77.778143,Whitefield,11,1,27,noise_complaint,4.52,safe
12.993119,77.605655,Shivajinagar,4,0,87,harassment,1.66,danger
12.936244,77.621884,Koramangala,10,1,44,trespassing,2.55,moderate
12.993264,77.56661,Rajajinagar,15,0,48,minor_assault,3.15,moderate
12.898538,77.624294,HSR_Layout,7,2,18,traffic_violation,3.77,safe
12.959606,77.576675,KR_Market,5,1,73,harassment,1.56,danger
13.017338,77.594061,Hebbal,20,6,31,trespassing,3.32,moderate
13.019948,77.537927,Yeshwanthpur,5,5,39,theft,2.79,moderate
12.965549,77.575892,KR_Market,0,0,72,chain_snatching,2.09,danger
12.929739,77.596402,Jayanagar,15,1,50,trespassing,2.99,moderate
12.926773,77.633432,HSR_Layout,18,0,21,traffic_violation,4.56,safe
13.022945,77.668329,KR_Puram,21,3,72,theft,1.38,danger
12.959205,77.572585,KR_Market,20,4,110,assault,1.84,danger
12.979354,77.579912,Majestic,16,6,111,chain_snatching,2.3,danger
12.97676,77.573478,Majestic,0,0,93,chain_snatching,1.36,danger
12.950226,77.584299,KR_Market,20,3,89,harassment,2.33,danger
12.953596,77.581639,KR_Market,20,3,96,chain_snatching,1.35,danger
12.975364,77.571042,Majestic,3,4,96,chain_snatching,1.06,danger
12.939414,77.632612,Koramangala,14,3,38,trespassing,3.02,moderate
12.975729,77.606995,Shivajinagar,20,1,58,assault,2.12,danger
12.916117,77.555117,Jyothy_Institute,14,2,1,noise_complaint,4.21,safe
12.981958,77.608903,Shivajinagar,22,3,72,assault,1.37,danger
12.999509,77.662055,KR_Puram,16,4,54,theft,2.09,danger
12.924921,77.66583,Bellandur,4,5,6,minor_dispute,4.62,safe
12.965216,77.585044,Chickpet,5,1,80,assault,2.1,danger
13.017747,77.677247,KR_Puram,19,5,70,chain_snatching,2.06,danger
12.964634,77.651373,Indiranagar,17,6,12,traffic_violation,3.76,safe
12.960918,77.573962,KR_Market,23,3,90,assault,1.58,danger
12.941161,77.58971,Jayanagar,8,3,28,minor_assault,3.2,moderate
12.979637,77.573196,Majestic,17,0,93,chain_snatching,1.57,danger
12.969895,77.578176,Majestic,8,4,96,robbery,1.04,danger
12.958212,77.583464,KR_Market,22,5,81,chain_snatching,1.14,danger
13.04103,77.546588,Yeshwanthpur,15,3,57,minor_assault,3.28,moderate
12.989582,77.60098,Shivajinagar,14,2,90,assault,2.0,danger
12.967318,77.577888,Chickpet,20,2,73,robbery,2.3,danger
12.862666,77.584396,Bannerghatta,13,0,13,traffic_violation,4.14,safe
12.96513,77.584701,KR_Market,15,6,82,chain_snatching,1.53,danger
13.013388,77.540842,Yeshwanthpur,1,1,53,minor_assault,3.09,moderate
12.988982,77.591378,Shivajinagar,23,5,72,chain_snatching,2.39,danger
12.814818,77.690099,Electronic_City,15,4,54,minor_assault,3.16,moderate
12.856314,77.587518,Bannerghatta,16,1,27,minor_dispute,3.67,safe
12.99147,77.539369,Rajajinagar,5,3,47,theft,2.85,moderate
12.962661,77.707741,Marathahalli,6,6,15,minor_dispute,3.52,safe
12.974957,77.572807,KR_Market,21,6,86,theft,1.0,danger
13.035268,77.584566,Hebbal,21,3,64,vandalism,3.3,moderate
12.962977,77.571825,KR_Market,21,1,97,robbery,1.73,danger
12.831468,77.687925,Electronic_City,11,2,47,trespassing,2.98,moderate
13.029394,77.55758,Yeshwanthpur,19,1,43,minor_assault,2.88,moderate
12.97707,77.590254,Shivajinagar,20,0,74,robbery,1.47,danger
13.011519,77.544744,Yeshwanthpur,11,2,42,minor_assault,2.6,moderate
12.841027,77.674336,Electronic_City,11,1,38,vandalism,2.87,moderate
12.995107,77.604141,Shivajinagar,22,2,77,assault,1.4,danger
12.935565,77.623378,Koramangala,1,2,28,trespassing,3.01,moderate
13.003991,77.556184,Rajajinagar,6,0,49,trespassing,2.86,moderate
13.036161,77.605296,Hebbal,19,3,46,minor_assault,2.97,moderate
12.985274,77.592925,Shivajinagar,12,3,70,assault,2.49,danger
12.987407,77.635171,Indiranagar,9,0,20,traffic_violation,3.85,safe
12.984733,77.5662,Majestic,17,3,86,theft,1.15,danger
12.963496,77.579756,Chickpet,1,2,81,assault,1.37,danger
12.977304,77.57604,Majestic,17,6,86,robbery,2.25,danger
12.859434,77.672436,Electronic_City,18,1,35,minor_assault,2.58,moderate
12.980872,77.599123,Shivajinagar,23,3,85,harassment,1.06,danger
12.935671,77.597992,Jayanagar,19,3,48,theft,3.32,moderate
13.034688,77.604673,Hebbal,12,5,60,minor_assault,3.02,moderate
13.00135,77.549964,Rajajinagar,0,0,44,trespassing,2.96,moderate
13.015774,77.60005,Hebbal,14,2,69,theft,2.72,moderate
12.969659,77.559335,Majestic,12,4,100,assault,2.11,danger
12.989322,77.591504,Shivajinagar,12,5,79,chain_snatching,1.92,danger
12.968609,77.585485,Chickpet,17,3,59,robbery,2.04,danger
12.924642,77.5583,Jyothy_Institute,16,4,3,noise_complaint,4.82,safe
12.959317,77.695283,Marathahalli,10,5,21,minor_dispute,4.66,safe
12.954693,77.585429,KR_Market,19,1,90,harassment,1.73,danger
12.970461,77.570867,Majestic,20,0,81,robbery,2.34,danger
12.980027,77.565972,KR_Market,21,6,92,assault,1.56,danger
12.962884,77.579655,KR_Market,13,0,76,theft,2.44,danger
12.860356,77.607769,Bannerghatta,11,4,18,traffic_violation,4.75,safe
12.85108,77.660188,Electronic_City,16,5,39,theft,3.34,moderate
12.997488,77.649103,KR_Puram,15,6,67,theft,2.13,danger
12.966769,77.572796,Majestic,12,2,85,theft,1.55,danger
12.99189,77.561334,Majestic,19,5,102,chain_snatching,1.35,danger
12.998504,77.61244,Shivajinagar,19,6,65,chain_snatching,1.98,danger
13.007579,77.60389,Hebbal,15,5,48,trespassing,2.8,moderate
12.960601,77.591976,KR_Market,3,4,72,harassment,1.6,danger
12.966183,77.578124,Chickpet,20,6,69,chain_snatching,1.02,danger
12.913307,77.558856,Jyothy_Institute,11,5,5,noise_complaint,4.46,safe
12.864341,77.590188,Bannerghatta,14,0,2,traffic_violation,3.9,safe
12.975422,77.585109,Shivajinagar,0,4,65,harassment,2.13,danger
13.00103,77.571182,Rajajinagar,2,1,61,vandalism,2.99,moderate
12.960284,77.574505,Chickpet,16,0,79,assault,2.07,danger
12.950133,77.741463,Marathahalli,7,5,51,noise_complaint,4.63,safe
12.845369,77.690396,Electronic_City,3,4,28,trespassing,2.51,moderate
12.92807,77.60665,Jayanagar,3,5,57,theft,3.03,moderate
12.976416,77.568079,Chickpet,20,0,91,harassment,1.57,danger
13.016003,77.683799,KR_Puram,19,2,83,robbery,1.88,danger
13.01822,77.601575,Hebbal,8,6,60,minor_assault,2.88,moderate
13.026168,77.659638,KR_Puram,18,3,67,robbery,2.33,danger
12.962724,77.580345,KR_Market,5,1,74,assault,1.47,danger
12.964155,77.584347,KR_Market,21,0,69,harassment,1.62,danger
12.958652,77.574831,Chickpet,10,1,93,theft,1.7,danger
12.97335,77.579615,KR_Market,22,4,84,assault,1.35,danger
12.973174,77.580276,Chickpet,12,4,70,chain_snatching,1.12,danger
13.024207,77.607651,Hebbal,23,2,50,theft,2.66,moderate
12.889325,77.616567,HSR_Layout,14,6,2,minor_dispute,4.89,safe
12.843981,77.690314,Electronic_City,23,6,29,trespassing,3.49,moderate
13.026454,77.559242,Yeshwanthpur,5,4,49,minor_assault,2.69,moderate
12.846966,77.676084,Electronic_City,20,1,41,theft,2.53,moderate
13.011017,77.594738,Hebbal,16,6,37,theft,3.38,moderate
12.916032,77.602742,Jayanagar,2,2,50,vandalism,3.36,moderate
12.996829,77.534579,Rajajinagar,9,4,39,trespassing,2.74,moderate
13.034879,77.558448,Yeshwanthpur,19,1,46,vandalism,2.75,moderate
12.952171,77.590674,KR_Market,17,5,93,robbery,1.94,danger
12.983778,77.794898,Whitefield,15,4,16,noise_complaint,3.81,safe
12.953324,77.57425,KR_Market,15,1,100,chain_snatching,2.09,danger
12.967906,77.587296,KR_Market,5,6,80,chain_snatching,2.08,danger
12.963487,77.773349,Whitefield,15,6,17,noise_complaint,4.25,safe
12.850514,77.583091,Bannerghatta,17,3,31,noise_complaint,3.53,safe
12.965993,77.646202,Indiranagar,16,4,23,minor_dispute,4.85,safe
13.035733,77.568461,Hebbal,8,4,48,theft,3.49,moderate
13.030299,77.598823,Hebbal,22,1,38,trespassing,3.33,moderate
13.050024,77.593171,Hebbal,18,2,62,vandalism,2.83,moderate
13.044409,77.602378,Hebbal,12,0,80,vandalism,3.24,moderate
12.989813,77.624781,Indiranagar,13,3,10,minor_dispute,3.94,safe
12.921376,77.639513,HSR_Layout,17,5,25,noise_complaint,4.38,safe
12.923833,77.671373,Bellandur,13,1,6,traffic_violation,4.27,safe
12.985867,77.591859,Shivajinagar,17,2,74,harassment,2.5,danger
12.964897,77.735234,Whitefield,14,1,24,traffic_violation,4.7,safe
13.036211,77.55888,Yeshwanthpur,15,5,52,trespassing,3.23,moderate
12.930689,77.627634,Koramangala,20,6,40,trespassing,3.29,moderate
12.965695,77.570427,Chickpet,18,0,94,chain_snatching,1.91,danger
12.962935,77.581945,KR_Market,4,2,79,assault,1.58,danger
12.958069,77.625812,Koramangala,4,5,45,vandalism,2.66,moderate
12.974215,77.585038,Majestic,21,0,90,assault,1.83,danger
12.997121,77.710874,Whitefield,7,5,16,noise_complaint,3.53,safe
12.984702,77.649024,Indiranagar,7,1,6,noise_complaint,3.57,safe
12.910298,77.633109,HSR_Layout,10,1,31,noise_complaint,3.91,safe
12.995874,77.675014,KR_Puram,21,4,79,theft,1.61,danger
12.983505,77.580424,Majestic,22,1,92,assault,1.56,danger
13.030195,77.667231,KR_Puram,20,2,83,assault,1.84,danger
12.96057,77.757695,Whitefield,21,3,9,noise_complaint,4.34,safe
13.020222,77.609991,Hebbal,13,0,66,vandalism,3.25,moderate
12.975562,77.576056,Majestic,21,4,78,harassment,1.63,danger
12.976686,77.56553,Majestic,22,5,96,assault,1.63,danger
13.018242,77.55534,Rajajinagar,2,0,48,minor_assault,3.38,moderate
12.969587,77.55745,Rajajinagar,10,6,60,trespassing,2.96,moderate
13.032738,77.592065,Hebbal,14,3,34,theft,3.16,moderate
12.959424,77.58505,KR_Market,12,4,79,theft,2.14,danger
12.966854,77.583342,Chickpet,22,1,93,chain_snatching,1.76,danger
12.985216,77.692464,Marathahalli,11,2,28,minor_dispute,4.85,safe
13.025455,77.539911,Yeshwanthpur,11,6,62,vandalism,2.86,moderate
13.016671,77.548857,Yeshwanthpur,3,3,34,trespassing,3.23,moderate
12.962804,77.57796,KR_Market,9,2,80,theft,2.26,danger
12.901253,77.55513,Jyothy_Institute,12,6,27,noise_complaint,3.99,safe
12.960083,77.662262,Marathahalli,13,4,22,minor_dispute,4.51,safe
12.930795,77.624879,Koramangala,7,6,31,minor_assault,3.31,moderate
12.951695,77.772563,Whitefield,7,0,3,noise_complaint,3.58,safe
12.958362,77.588275,KR_Market,18,0,68,theft,2.15,danger
12.967035,77.575684,KR_Market,23,1,86,robbery,1.98,danger
12.986933,77.636595,Indiranagar,4,4,14,traffic_violation,4.51,safe
13.031917,77.622629,Hebbal,2,2,45,theft,2.83,moderate
12.969603,77.577236,Majestic,17,1,62,assault,1.03,danger
13.023315,77.541362,Yeshwanthpur,21,0,51,theft,2.73,moderate
12.974813,77.58614,Chickpet,16,6,70,assault,1.4,danger
13.014238,77.652399,KR_Puram,15,3,74,harassment,1.65,danger
12.920822,77.552954,Jyothy_Institute,13,4,18,noise_complaint,3.67,safe
13.04697,77.573639,Hebbal,21,3,42,theft,3.11,moderate
12.968693,77.568824,Chickpet,17,3,94,chain_snatching,2.21,danger
12.962227,77.700069,Marathahalli,6,3,7,minor_dispute,3.94,safe
12.975466,77.578532,Majestic,23,1,100,harassment,1.19,danger
12.821667,77.638854,Electronic_City,12,3,53,theft,2.9,moderate
13.021581,77.555577,Yeshwanthpur,3,1,58,trespassing,3.35,moderate
13.011069,77.649581,KR_Puram,19,3,66,chain_snatching,2.17,danger
13.045116,77.541563,Yeshwanthpur,3,0,50,minor_assault,2.66,moderate
12.976771,77.574085,Majestic,4,1,88,theft,2.43,danger
13.030433,77.55502,Yeshwanthpur,14,5,33,minor_assault,3.18,moderate
12.94477,77.60406,Koramangala,12,3,30,minor_assault,2.83,moderate
12.963248,77.756919,Whitefield,11,5,23,minor_dispute,4.72,safe
12.907959,77.598463,Jayanagar,3,0,44,trespassing,3.17,moderate
12.96656,77.550794,Majestic,16,6,110,assault,1.22,danger
12.970315,77.593163,KR_Market,20,3,77,harassment,1.03,danger
12.981153,77.559935,Majestic,13,0,100,robbery,1.77,danger
12.96843,77.714801,Whitefield,11,3,16,minor_dispute,4.71,safe
12.928084,77.607335,Koramangala,0,5,46,trespassing,3.09,moderate
13.019245,77.598922,Hebbal,17,5,44,theft,3.26,moderate
13.01439,77.667361,KR_Puram,16,0,75,robbery,1.77,danger
12.979789,77.585096,Majestic,12,5,89,theft,1.92,danger
12.96898,77.567686,Chickpet,19,4,98,harassment,2.45,danger
12.848531,77.666298,Electronic_City,19,0,56,minor_assault,3.34,moderate
13.017698,77.665539,KR_Puram,23,6,72,harassment,1.89,danger
12.832128,77.681492,Electronic_City,16,6,43,theft,2.57,moderate
12.963471,77.648725,Indiranagar,10,6,14,minor_dispute,4.4,safe
13.036172,77.544419,Yeshwanthpur,16,2,23,theft,2.79,moderate
12.945627,77.681686,Marathahalli,10,5,24,traffic_violation,4.51,safe
12.967782,77.56492,Chickpet,19,5,67,chain_snatching,2.47,danger
12.922206,77.627035,Koramangala,17,5,55,minor_assault,3.34,moderate
12.933042,77.631199,Koramangala,9,0,48,theft,3.15,moderate
12.97131,77.641361,Indiranagar,13,0,42,noise_complaint,3.92,safe
12.830724,77.570333,Bannerghatta,18,5,22,noise_complaint,3.75,safe
12.907581,77.676142,Bellandur,14,1,32,minor_dispute,4.52,safe
13.006519,77.548556,Rajajinagar,22,1,57,vandalism,2.72,moderate
12.851621,77.670622,Electronic_City,6,1,31,vandalism,3.36,moderate
12.948717,77.623317,Koramangala,16,4,58,trespassing,2.71,moderate
12.976584,77.583545,Majestic,13,5,79,harassment,1.24,danger
13.029359,77.600846,Hebbal,17,6,57,vandalism,3.2,moderate
12.940822,77.637388,Koramangala,6,2,56,vandalism,2.69,moderate
12.985262,77.571808,Rajajinagar,9,4,65,minor_assault,2.54,moderate
12.958934,77.570286,Chickpet,10,3,94,harassment,1.89,danger
13.006757,77.671285,KR_Puram,20,5,82,robbery,1.29,danger
12.973075,77.572947,Chickpet,9,3,81,robbery,1.24,danger
12.958991,77.58633,KR_Market,22,5,77,chain_snatching,2.23,danger
12.99841,77.552631,Rajajinagar,21,1,54,theft,3.32,moderate
12.979967,77.581947,Majestic,23,4,88,theft,2.0,danger
12.996459,77.545894,Rajajinagar,2,5,71,theft,2.56,moderate
12.83932,77.713892,Electronic_City,9,4,39,minor_assault,2.95,moderate
13.019274,77.548139,Yeshwanthpur,15,0,59,trespassing,2.69,moderate
12.965222,77.568271,Majestic,9,5,97,chain_snatching,1.45,danger
12.914496,77.552997,Jyothy_Institute,8,2,11,traffic_violation,4.41,safe
12.922148,77.627523,Koramangala,0,6,49,trespassing,3.13,moderate
12.995831,77.560687,Rajajinagar,4,4,51,theft,3.21,moderate
12.851375,77.677032,Electronic_City,21,3,37,trespassing,2.99,moderate
13.032075,77.553012,Yeshwanthpur,9,0,41,theft,3.19,moderate
12.967945,77.571454,Majestic,20,0,93,assault,1.92,danger
12.971655,77.580652,Chickpet,15,5,82,robbery,1.17,danger
12.981162,77.57411,Chickpet,23,4,84,harassment,1.03,danger
12.916228,77.548589,Jyothy_Institute,8,0,0,minor_dispute,4.97,safe
13.017733,77.623749,Hebbal,16,4,53,trespassing,2.51,moderate
12.970614,77.659032,Indiranagar,14,0,25,noise_complaint,3.99,safe
13.028282,77.537107,Yeshwanthpur,15,0,57,minor_assault,2.99,moderate
12.870299,77.584447,Bannerghatta,9,0,26,noise_complaint,4.25,safe
13.002064,77.599883,Shivajinagar,22,2,82,assault,1.67,danger
12.921378,77.558443,Jyothy_Institute,15,2,11,noise_complaint,3.94,safe
12.965884,77.579052,Chickpet,0,2,81,theft,1.29,danger
12.91951,77.700123,Bellandur,6,5,13,traffic_violation,4.16,safe
12.861545,77.572719,Bannerghatta,6,0,18,noise_complaint,4.77,safe
12.913037,77.577083,Jayanagar,0,5,39,trespassing,2.65,moderate
12.953593,77.663193,Marathahalli,14,2,20,traffic_violation,3.77,safe
12.935351,77.64714,Bellandur,10,0,11,minor_dispute,4.42,safe
12.908922,77.681389,Bellandur,13,4,0,traffic_violation,4.13,safe
12.956524,77.681881,Marathahalli,12,4,25,minor_dispute,4.61,safe
12.980878,77.569674,Majestic,0,0,84,robbery,1.13,danger
12.918294,77.561948,Jyothy_Institute,10,6,7,minor_dispute,4.07,safe
12.840349,77.672522,Electronic_City,8,1,40,minor_assault,3.29,moderate
12.976873,77.578944,Majestic,23,4,99,robbery,1.36,danger
13.010372,77.677442,KR_Puram,18,4,71,chain_snatching,1.5,danger
12.909589,77.564211,Jyothy_Institute,12,6,5,noise_complaint,4.33,safe
13.025429,77.540145,Yeshwanthpur,3,1,44,minor_assault,2.65,moderate
13.049261,77.598578,Hebbal,13,2,50,trespassing,3.15,moderate
12.978205,77.568275,Majestic,3,0,105,robbery,1.63,danger
12.957682,77.579933,KR_Market,8,0,75,robbery,2.31,danger
12.843576,77.595251,Bannerghatta,9,6,32,traffic_violation,4.22,safe
12.972897,77.568649,Chickpet,17,1,87,chain_snatching,2.32,danger
12.938261,77.665647,Bellandur,10,2,8,noise_complaint,3.68,safe
12.99172,77.60393,Shivajinagar,17,2,78,theft,2.45,danger
12.917662,77.560888,Jyothy_Institute,12,0,0,noise_complaint,3.59,safe
12.913294,77.643991,HSR_Layout,12,5,27,minor_dispute,3.67,safe
12.948694,77.596509,Koramangala,18,6,66,theft,2.64,moderate
12.980304,77.577039,Majestic,4,0,87,robbery,2.18,danger
12.973116,77.578654,KR_Market,22,3,92,robbery,2.11,danger
12.972248,77.629591,Koramangala,16,2,44,trespassing,3.03,moderate
12.94007,77.634811,Koramangala,20,6,41,minor_assault,3.37,moderate
12.9883,77.600251,Shivajinagar,0,2,86,theft,1.62,danger
12.987537,77.599445,Shivajinagar,16,5,82,robbery,1.19,danger
12.900341,77.680483,Bellandur,10,1,5,traffic_violation,4.15,safe
12.984373,77.598536,Shivajinagar,3,6,74,chain_snatching,2.16,danger
12.995245,77.55026,Rajajinagar,5,3,56,minor_assault,3.37,moderate
12.96692,77.579204,KR_Market,21,5,77,theft,2.4,danger
12.962697,77.57772,KR_Market,13,3,81,assault,1.65,danger
12.964713,77.582637,Chickpet,5,0,64,assault,1.32,danger
12.971811,77.571027,Majestic,21,0,92,robbery,2.02,danger
12.991324,77.547593,Rajajinagar,8,0,59,minor_assault,2.97,moderate
13.043698,77.595941,Hebbal,11,2,53,theft,3.47,moderate
12.919725,77.555812,Jyothy_Institute,7,4,8,minor_dispute,3.75,safe
12.949813,77.578082,Chickpet,14,1,62,theft,1.61,danger
12.897332,77.640994,HSR_Layout,3,2,0,minor_dispute,4.45,safe
12.978094,77.608997,Shivajinagar,23,4,91,robbery,1.13,danger
12.940892,77.660809,Bellandur,8,1,36,traffic_violation,4.97,safe
12.97233,77.574514,Chickpet,3,3,79,robbery,2.03,danger
12.968074,77.74587,Whitefield,14,3,16,traffic_violation,3.91,safe
12.968829,77.653684,Indiranagar,16,4,30,noise_complaint,4.4,safe
12.967436,77.641234,Indiranagar,7,5,15,traffic_violation,4.64,safe
12.924165,77.671669,Bellandur,10,4,27,traffic_violation,4.68,safe
12.830558,77.675714,Electronic_City,7,4,24,trespassing,3.28,moderate
12.95286,77.569895,KR_Market,17,3,81,theft,1.11,danger
12.994477,77.663245,KR_Puram,16,6,85,chain_snatching,2.38,danger
12.932494,77.604013,Jayanagar,16,0,48,theft,2.63,moderate
12.938256,77.613413,Koramangala,19,6,43,vandalism,2.71,moderate
12.93387,77.619001,Koramangala,7,0,33,trespassing,3.31,moderate
12.989398,77.689173,KR_Puram,20,2,54,robbery,1.49,danger
12.919198,77.55245,Jyothy_Institute,9,0,10,noise_complaint,4.07,safe
12.970102,77.590685,KR_Market,22,6,90,theft,1.43,danger
12.984169,77.615007,Shivajinagar,23,6,64,robbery,2.24,danger
12.841508,77.690025,Electronic_City,2,1,40,theft,2.81,moderate
12.966794,77.565274,Chickpet,22,2,73,robbery,1.69,danger
12.894682,77.623116,HSR_Layout,10,4,16,traffic_violation,4.62,safe
13.040685,77.598941,Hebbal,6,6,44,minor_assault,3.22,moderate
12.947553,77.618841,Koramangala,18,6,54,theft,2.89,moderate
12.961627,77.628917,Koramangala,19,4,75,theft,3.26,moderate
12.939681,77.656582,HSR_Layout,12,4,23,minor_dispute,4.37,safe
12.966165,77.565957,Chickpet,22,2,74,chain_snatching,1.28,danger
12.984204,77.559725,Majestic,21,2,92,chain_snatching,1.06,danger
12.98422,77.566283,Majestic,2,6,83,harassment,1.06,danger
12.959558,77.572618,KR_Market,19,6,100,theft,1.36,danger
13.03148,77.560158,Yeshwanthpur,17,3,59,minor_assault,3.35,moderate
13.010673,77.674645,KR_Puram,22,2,61,chain_snatching,2.19,danger
12.907366,77.674918,Bellandur,9,1,32,noise_complaint,4.95,safe
12.906491,77.639434,HSR_Layout,16,2,9,traffic_violation,3.8,safe
13.029184,77.65108,KR_Puram,17,4,77,harassment,1.44,danger
13.051819,77.604503,Hebbal,7,4,53,trespassing,2.81,moderate
12.924408,77.598605,Koramangala,6,0,54,vandalism,3.38,moderate
12.973441,77.614283,Shivajinagar,23,1,71,robbery,1.48,danger
12.990748,77.597468,Shivajinagar,17,4,78,harassment,1.45,danger
12.930233,77.677829,Marathahalli,6,0,18,traffic_violation,4.26,safe
12.990233,77.751193,Whitefield,11,1,22,noise_complaint,3.65,safe
12.834054,77.704802,Electronic_City,8,1,54,trespassing,3.49,moderate
12.83551,77.67021,Electronic_City,12,4,55,minor_assault,3.49,moderate
12.964445,77.576962,Chickpet,21,4,87,robbery,2.44,danger
12.980665,77.540903,Rajajinagar,21,1,63,trespassing,2.57,moderate
12.972479,77.573525,Majestic,21,1,92,chain_snatching,1.06,danger
12.912837,77.562901,Jyothy_Institute,14,5,0,noise_complaint,4.49,safe
12.845565,77.673714,Electronic_City,20,2,46,minor_assault,2.52,moderate
12.83982,77.69497,Electronic_City,23,1,29,theft,3.35,moderate
12.952466,77.566842,KR_Market,23,3,74,theft,1.27,danger
12.862347,77.597946,Bannerghatta,7,0,13,minor_dispute,4.17,safe
12.991787,77.564457,Majestic,10,2,87,chain_snatching,2.05,danger
12.921446,77.576609,Jayanagar,12,6,44,minor_assault,3.05,moderate
12.999462,77.554576,Rajajinagar,10,1,48,trespassing,2.6,moderate
12.92316,77.61864,Koramangala,6,0,46,minor_assault,3.11,moderate
12.958806,77.57229,Majestic,20,3,88,assault,2.13,danger
12.997887,77.586312,Shivajinagar,18,0,65,chain_snatching,2.44,danger
12.873828,77.634643,HSR_Layout,14,0,20,noise_complaint,3.75,safe
12.926504,77.590236,Jayanagar,2,1,44,trespassing,2.58,moderate
12.969298,77.601283,Shivajinagar,20,5,81,harassment,1.2,danger
12.827021,77.702433,Electronic_City,13,0,49,vandalism,3.36,moderate
13.002451,77.670883,KR_Puram,22,3,82,chain_snatching,1.96,danger
12.933903,77.624367,HSR_Layout,11,1,8,noise_complaint,3.63,safe
12.958636,77.578174,KR_Market,13,6,93,theft,1.68,danger
12.994464,77.546598,Rajajinagar,23,1,50,vandalism,2.74,moderate
12.966932,77.575706,Chickpet,8,6,81,harassment,1.3,danger
13.014331,77.668635,KR_Puram,15,1,67,assault,1.68,danger
12.965748,77.599687,Shivajinagar,23,4,65,harassment,1.33,danger
12.963329,77.735094,Marathahalli,13,1,13,minor_dispute,3.83,safe
12.95061,77.598063,KR_Market,7,4,66,robbery,2.26,danger
12.964764,77.568247,KR_Market,23,2,61,harassment,1.79,danger
12.90596,77.640711,HSR_Layout,9,4,5,minor_dispute,3.96,safe
12.997657,77.624741,Shivajinagar,16,6,78,assault,1.97,danger
12.989376,77.583456,Shivajinagar,19,3,85,robbery,1.57,danger
12.996825,77.606798,Shivajinagar,21,5,81,robbery,1.57,danger
12.914617,77.558808,Jyothy_Institute,14,5,13,traffic_violation,4.75,safe
12.979082,77.575652,Chickpet,17,6,74,theft,1.32,danger
12.960896,77.633499,Koramangala,1,1,33,theft,2.5,moderate
12.956623,77.645273,Indiranagar,8,0,19,traffic_violation,3.69,safe
12.973523,77.57739,Majestic,22,0,101,assault,2.3,danger
12.958943,77.600816,Shivajinagar,20,4,73,chain_snatching,1.41,danger
12.907608,77.623999,HSR_Layout,11,1,11,traffic_violation,4.07,safe
12.960433,77.584414,KR_Market,22,5,92,assault,1.29,danger
12.919659,77.644393,HSR_Layout,16,3,15,noise_complaint,3.7,safe
12.917786,77.559955,Jyothy_Institute,9,1,15,traffic_violation,4.88,safe
12.989964,77.670736,KR_Puram,17,2,63,robbery,1.93,danger
12.873743,77.619045,Bannerghatta,11,3,19,noise_complaint,4.7,safe
12.954529,77.562557,Chickpet,3,3,62,assault,1.32,danger
13.019157,77.67821,KR_Puram,20,1,72,theft,2.47,danger
12.967464,77.575713,KR_Market,5,3,76,assault,1.39,danger
12.862952,77.580532,Bannerghatta,11,1,16,minor_dispute,5.0,safe
13.013124,77.601918,Hebbal,23,5,45,theft,2.79,moderate
12.941049,77.740389,Whitefield,14,3,0,noise_complaint,4.02,safe
12.919016,77.618743,HSR_Layout,4,3,23,traffic_violation,3.62,safe
12.994235,77.609235,Shivajinagar,1,5,74,robbery,1.51,danger
12.913908,77.553739,Jyothy_Institute,19,6,4,traffic_violation,4.1,safe
12.970331,77.595257,Shivajinagar,14,1,83,harassment,2.21,danger
12.972584,77.549764,Rajajinagar,15,0,52,minor_assault,3.0,moderate
12.938683,77.599394,Jayanagar,22,6,54,vandalism,3.42,moderate
12.921029,77.675283,Bellandur,13,3,2,traffic_violation,3.66,safe
12.875243,77.609305,Bannerghatta,13,6,7,traffic_violation,4.92,safe
12.91453,77.563298,Jyothy_Institute,10,2,6,noise_complaint,4.48,safe
12.96664,77.579408,KR_Market,2,5,102,assault,2.04,danger
12.903036,77.642089,HSR_Layout,15,0,8,traffic_violation,4.27,safe
12.918035,77.678339,Bellandur,14,2,20,traffic_violation,4.34,safe
12.957038,77.63606,Indiranagar,10,6,12,noise_complaint,4.14,safe
12.941178,77.588584,Jayanagar,19,6,62,theft,3.1,moderate
13.002313,77.753922,Whitefield,14,1,27,traffic_violation,4.97,safe
12.990169,77.597713,Shivajinagar,21,2,86,assault,1.6,danger
12.906273,77.677008,Bellandur,10,2,20,traffic_violation,4.13,safe
12.92075,77.601313,Jayanagar,13,0,60,theft,3.22,moderate
12.965727,77.577511,KR_Market,6,4,86,theft,2.1,danger
12.827253,77.679482,Electronic_City,22,3,39,theft,3.26,moderate
12.963584,77.573134,Chickpet,5,5,92,robbery,1.17,danger
12.844518,77.674351,Electronic_City,22,3,47,theft,2.99,moderate
12.976463,77.551351,Rajajinagar,21,1,53,minor_assault,2.55,moderate
12.995975,77.658275,KR_Puram,17,2,90,harassment,2.07,danger
12.980069,77.603373,Shivajinagar,20,4,87,assault,1.07,danger
12.942981,77.617914,Jayanagar,13,5,40,minor_assault,2.54,moderate
12.975328,77.559662,Majestic,18,0,101,assault,1.9,danger
13.011773,77.670507,KR_Puram,16,1,70,theft,2.25,danger
12.915464,77.562427,Jyothy_Institute,16,6,11,traffic_violation,4.92,safe
13.033779,77.544163,Yeshwanthpur,1,5,44,vandalism,2.8,moderate
12.84895,77.696046,Electronic_City,8,4,52,trespassing,2.81,moderate
12.92132,77.693189,Bellandur,14,0,0,noise_complaint,4.57,safe
12.918549,77.600296,Jayanagar,1,6,58,minor_assault,3.22,moderate
13.025596,77.665174,KR_Puram,11,6,65,assault,1.29,danger
13.003608,77.769716,Whitefield,9,6,6,noise_complaint,4.17,safe
13.031412,77.541338,Yeshwanthpur,17,2,59,trespassing,3.1,moderate
12.993307,77.666499,KR_Puram,17,0,97,theft,2.2,danger
12.962264,77.570243,Chickpet,22,5,75,theft,2.19,danger
13.012183,77.553799,Yeshwanthpur,5,2,44,vandalism,2.63,moderate
13.023014,77.599562,Hebbal,13,3,50,trespassing,2.61,moderate
13.025973,77.60448,Hebbal,14,6,39,vandalism,3.4,moderate
12.839255,77.668626,Electronic_City,0,2,39,minor_assault,3.32,moderate
12.921389,77.640115,HSR_Layout,14,3,19,noise_complaint,4.86,safe
12.979028,77.58477,Shivajinagar,1,2,77,assault,1.25,danger
12.994763,77.665143,KR_Puram,20,0,62,robbery,2.25,danger
12.994175,77.616793,Indiranagar,23,0,37,traffic_violation,4.56,safe
12.839659,77.643869,Electronic_City,22,4,35,vandalism,2.84,moderate
12.909228,77.60781,HSR_Layout,9,5,22,minor_dispute,3.94,safe
12.948954,77.569796,KR_Market,3,1,68,assault,2.37,danger
12.959128,77.765394,Whitefield,20,0,10,noise_complaint,4.87,safe
13.020494,77.558412,Yeshwanthpur,23,1,48,minor_assault,2.54,moderate
12.836751,77.662501,Electronic_City,18,6,43,minor_assault,2.7,moderate
12.94587,77.567489,Chickpet,17,2,80,theft,2.48,danger
12.852771,77.652945,Electronic_City,3,6,42,vandalism,3.34,moderate
12.968534,77.579812,KR_Market,3,0,95,assault,1.12,danger
12.917717,77.691759,Bellandur,8,0,13,minor_dispute,4.64,safe
12.99006,77.561001,Rajajinagar,21,3,54,vandalism,3.48,moderate
12.984818,77.590433,Shivajinagar,23,2,67,chain_snatching,2.49,danger
13.006092,77.667798,KR_Puram,19,1,81,harassment,1.62,danger
12.841097,77.681903,Electronic_City,23,2,58,trespassing,2.95,moderate
12.975499,77.597817,Shivajinagar,20,1,82,harassment,1.67,danger
13.041532,77.588921,Hebbal,12,6,62,minor_assault,3.22,moderate
12.843339,77.627746,Bannerghatta,20,0,30,minor_dispute,4.01,safe
12.931213,77.617149,Koramangala,20,1,40,trespassing,3.11,moderate
12.923739,77.663402,Bellandur,12,0,16,traffic_violation,4.34,safe
12.918301,77.608834,Jayanagar,14,1,48,theft,2.9,moderate
12.966311,77.581044,KR_Market,19,6,78,assault,1.2,danger
12.933098,77.591026,Jayanagar,2,4,69,trespassing,2.92,moderate
12.970985,77.590751,KR_Market,5,4,82,theft,2.07,danger
13.032525,77.608543,Hebbal,20,5,49,minor_assault,2.83,moderate
12.918116,77.675541,Bellandur,17,2,16,noise_complaint,4.95,safe
12.965861,77.572602,Majestic,18,4,100,theft,1.43,danger
12.82504,77.667154,Electronic_City,12,1,48,vandalism,2.78,moderate
12.958284,77.740646,Whitefield,18,1,7,traffic_violation,3.69,safe
12.913842,77.561087,Jyothy_Institute,11,6,5,noise_complaint,4.42,safe
13.051122,77.597745,Hebbal,0,2,58,minor_assault,2.79,moderate
13.028295,77.598668,Hebbal,1,2,68,theft,3.06,moderate
12.958667,77.575515,KR_Market,15,4,93,robbery,1.84,danger
12.957195,77.661829,Marathahalli,9,3,24,traffic_violation,3.98,safe
12.940284,77.61774,Koramangala,1,0,55,theft,3.36,moderate
12.922364,77.554993,Jyothy_Institute,14,3,16,minor_dispute,4.5,safe
12.992565,77.660816,KR_Puram,2,1,52,chain_snatching,2.06,danger
12.972216,77.567175,Majestic,20,2,85,theft,2.13,danger
13.045828,77.58743,Hebbal,1,5,47,theft,2.61,moderate
12.8578,77.6043,Bannerghatta,9,2,26,minor_dispute,4.79,safe
13.03045,77.538937,Yeshwanthpur,9,1,36,minor_assault,2.55,moderate
13.007009,77.548851,Rajajinagar,3,3,67,vandalism,3.0,moderate
12.948531,77.597934,KR_Market,22,4,79,robbery,1.3,danger
12.961726,77.576699,KR_Market,22,0,96,assault,1.03,danger
13.026388,77.547891,Yeshwanthpur,6,6,37,trespassing,2.54,moderate
12.926863,77.580503,Jayanagar,10,2,39,theft,3.23,moderate
12.958785,77.635413,Indiranagar,14,1,23,noise_complaint,3.64,safe
13.031704,77.57805,Hebbal,14,3,63,minor_assault,2.87,moderate
13.027964,77.586168,Hebbal,14,2,59,trespassing,3.39,moderate
12.832162,77.685019,Electronic_City,18,6,37,vandalism,2.74,moderate
12.866247,77.587426,Bannerghatta,6,3,9,traffic_violation,4.05,safe
13.04143,77.545915,Yeshwanthpur,15,0,54,minor_assault,2.76,moderate
12.923001,77.603671,Jayanagar,4,2,47,minor_assault,2.76,moderate
13.019855,77.647586,KR_Puram,0,6,82,chain_snatching,1.87,danger
12.868746,77.583374,Bannerghatta,15,0,30,minor_dispute,3.82,safe
12.936879,77.711203,Marathahalli,7,3,28,minor_dispute,4.35,safe
12.853706,77.673875,Electronic_City,9,2,36,trespassing,2.55,moderate
12.993831,77.657522,KR_Puram,14,2,79,harassment,1.02,danger
12.979588,77.665913,Indiranagar,13,3,9,traffic_violation,4.21,safe
12.982017,77.797858,Whitefield,5,3,4,noise_complaint,4.63,safe
13.036771,77.539292,Yeshwanthpur,7,3,63,minor_assault,3.49,moderate
13.027114,77.668829,KR_Puram,21,1,72,assault,1.99,danger
12.999856,77.667646,KR_Puram,12,2,66,theft,1.21,danger
12.974937,77.575844,Majestic,17,1,99,chain_snatching,2.49,danger
13.027798,77.678052,KR_Puram,19,0,69,assault,1.51,danger
12.987106,77.5374,Rajajinagar,16,4,65,trespassing,3.17,moderate
12.911267,77.604436,Koramangala,12,2,45,vandalism,2.78,moderate
12.974472,77.568264,Chickpet,18,1,73,theft,1.8,danger
12.928101,77.611178,Jayanagar,19,5,56,trespassing,2.99,moderate
12.995228,77.592787,Shivajinagar,22,0,55,assault,1.46,danger
13.022057,77.588508,Hebbal,17,3,50,vandalism,2.88,moderate
12.885503,77.657275,HSR_Layout,10,5,21,traffic_violation,4.55,safe
12.82352,77.712485,Electronic_City,22,6,35,trespassing,3.41,moderate
12.995764,77.597901,Shivajinagar,11,6,69,assault,1.57,danger
12.977031,77.548966,Rajajinagar,15,5,45,minor_assault,3.24,moderate
12.939974,77.608733,Koramangala,10,5,49,theft,3.43,moderate
12.972222,77.580048,Majestic,16,0,74,chain_snatching,1.61,danger
12.967671,77.59426,Shivajinagar,21,4,80,robbery,1.58,danger
12.973194,77.626914,Indiranagar,11,5,22,noise_complaint,4.62,safe
12.986003,77.574008,Majestic,19,4,100,harassment,1.6,danger
12.948503,77.615185,Koramangala,7,3,78,vandalism,2.62,moderate
12.998713,77.636223,Indiranagar,8,6,12,traffic_violation,3.96,safe
13.000696,77.688085,KR_Puram,20,3,59,theft,1.17,danger
12.985505,77.642038,Indiranagar,11,5,4,traffic_violation,4.74,safe
12.973261,77.645834,Indiranagar,16,3,16,traffic_violation,4.8,safe
12.956679,77.575833,Chickpet,23,3,86,robbery,1.19,danger
12.976083,77.548722,Rajajinagar,22,6,75,vandalism,3.36,moderate
12.977235,77.584434,Chickpet,22,4,92,theft,1.8,danger
12.915075,77.608408,Jayanagar,6,4,42,vandalism,2.78,moderate
13.005319,77.549771,Rajajinagar,0,5,61,vandalism,2.59,moderate
13.001012,77.670262,KR_Puram,15,1,72,chain_snatching,2.06,danger
12.914398,77.559337,Jyothy_Institute,6,6,3,minor_dispute,4.98,safe
12.986734,77.669798,KR_Puram,12,1,59,chain_snatching,2.33,danger
12.860297,77.676329,Electronic_City,22,6,45,vandalism,3.21,moderate
12.931564,77.614843,Koramangala,22,3,65,trespassing,2.64,moderate
12.984936,77.602604,Shivajinagar,18,5,82,assault,1.68,danger
13.014357,77.660118,KR_Puram,23,6,59,theft,1.06,danger
12.860476,77.595064,Bannerghatta,5,3,22,noise_complaint,3.65,safe
12.826713,77.674974,Electronic_City,22,6,46,vandalism,2.97,moderate
12.959879,77.575819,Chickpet,17,6,82,theft,1.59,danger
12.985035,77.646673,Indiranagar,15,5,14,traffic_violation,4.72,safe
13.003511,77.562134,Rajajinagar,5,1,56,minor_assault,2.62,moderate
12.995675,77.614863,Shivajinagar,15,0,74,chain_snatching,1.68,danger
12.926792,77.619759,Koramangala,0,1,42,vandalism,3.3,moderate
12.912407,77.553506,Jyothy_Institute,14,3,9,traffic_violation,4.46,safe
12.988862,77.608164,Shivajinagar,7,3,81,chain_snatching,1.76,danger
13.007209,77.673797,KR_Puram,22,3,83,robbery,2.35,danger
12.924823,77.610424,Jayanagar,23,3,31,vandalism,3.1,moderate
13.036107,77.537831,Yeshwanthpur,15,5,26,trespassing,2.76,moderate
12.97711,77.572073,Majestic,21,6,95,harassment,1.36,danger
12.975557,77.587225,Chickpet,5,5,74,robbery,1.53,danger
13.012125,77.677925,KR_Puram,1,4,67,harassment,2.11,danger
12.908405,77.597181,Jayanagar,2,3,66,minor_assault,2.68,moderate
12.919259,77.606596,Jayanagar,14,0,44,vandalism,2.87,moderate
12.930783,77.619609,Koramangala,19,0,58,trespassing,2.65,moderate
12.985642,77.600003,Shivajinagar,20,6,72,robbery,1.04,danger
13.001895,77.657817,KR_Puram,14,2,52,theft,2.08,danger
12.849029,77.595551,Bannerghatta,6,3,22,traffic_violation,4.64,safe
12.952899,77.579378,KR_Market,20,5,91,assault,1.79,danger
12.964629,77.767152,Whitefield,15,5,28,noise_complaint,3.98,safe
13.060962,77.60528,Hebbal,3,1,68,trespassing,3.19,moderate
12.959381,77.578868,KR_Market,23,1,93,assault,1.95,danger
13.047716,77.583283,Hebbal,22,6,65,minor_assault,2.68,moderate
13.03707,77.546792,Yeshwanthpur,22,2,44,vandalism,3.12,moderate
12.941865,77.637499,Koramangala,14,4,42,trespassing,2.62,moderate
12.969286,77.706396,Marathahalli,12,4,34,traffic_violation,3.72,safe
12.980626,77.562526,Majestic,23,2,95,harassment,1.6,danger
12.978589,77.591753,Chickpet,23,6,64,harassment,2.42,danger
12.920766,77.636083,HSR_Layout,19,0,12,minor_dispute,4.35,safe
12.995468,77.679188,KR_Puram,23,1,67,chain_snatching,1.22,danger
12.927547,77.606974,Jayanagar,8,4,46,trespassing,3.34,moderate
12.905504,77.636002,HSR_Layout,4,1,16,noise_complaint,4.58,safe
12.991522,77.593064,Shivajinagar,18,2,63,assault,1.02,danger
12.964806,77.579225,Chickpet,21,1,83,theft,1.69,danger
12.995962,77.683413,KR_Puram,19,1,83,harassment,2.4,danger
13.022003,77.549396,Yeshwanthpur,18,5,39,trespassing,2.56,moderate
12.968595,77.639152,Indiranagar,20,3,24,traffic_violation,4.7,safe
12.956597,77.576281,Chickpet,22,2,74,theft,2.49,danger
13.00163,77.551469,Rajajinagar,11,0,72,trespassing,3.44,moderate
12.875127,77.606468,Bannerghatta,7,2,25,minor_dispute,4.73,safe
12.97203,77.552324,Rajajinagar,19,0,57,minor_assault,2.9,moderate
12.972726,77.630403,Indiranagar,13,6,12,noise_complaint,3.62,safe
12.993094,77.755458,Whitefield,10,0,13,minor_dispute,4.89,safe
12.953429,77.575256,KR_Market,17,0,58,chain_snatching,1.89,danger
12.994256,77.65807,KR_Puram,16,4,57,theft,1.67,danger
12.976702,77.585944,KR_Market,20,3,86,assault,1.58,danger
12.956448,77.650999,Indiranagar,15,6,24,minor_dispute,4.56,safe
12.924241,77.624492,HSR_Layout,9,4,18,minor_dispute,4.56,safe
12.941067,77.590555,Jayanagar,21,6,51,theft,3.42,moderate
12.994685,77.674684,KR_Puram,22,1,66,theft,1.65,danger
12.989825,77.578936,Shivajinagar,17,1,68,chain_snatching,2.34,danger
13.046884,77.599988,Hebbal,6,2,51,vandalism,2.84,moderate
12.86465,77.604317,Bannerghatta,17,6,5,noise_complaint,3.6,safe
13.002688,77.663113,KR_Puram,10,4,67,assault,2.38,danger
13.026753,77.527893,Yeshwanthpur,21,3,47,theft,3.46,moderate
12.899561,77.627114,HSR_Layout,16,2,22,noise_complaint,4.07,safe
12.895271,77.601496,Bannerghatta,14,6,28,noise_complaint,4.34,safe
12.916023,77.633339,HSR_Layout,10,0,17,minor_dispute,4.52,safe
12.926023,77.603894,Jayanagar,10,0,49,minor_assault,3.04,moderate
12.841395,77.606864,Bannerghatta,11,0,40,noise_complaint,3.95,safe
12.961076,77.561872,Chickpet,23,1,84,assault,2.08,danger
12.95118,77.556255,KR_Market,20,5,69,theft,1.77,danger
12.987779,77.68579,KR_Puram,16,3,71,robbery,2.36,danger
12.908954,77.712876,Bellandur,10,1,38,noise_complaint,4.76,safe
12.915857,77.644558,Koramangala,23,0,46,minor_assault,3.27,moderate
13.045331,77.537885,Yeshwanthpur,1,6,65,minor_assault,3.19,moderate
12.932647,77.621749,Koramangala,6,5,46,vandalism,3.5,moderate
13.011034,77.668095,KR_Puram,4,4,68,harassment,1.88,danger
12.993218,77.672329,KR_Puram,20,0,74,harassment,1.23,danger
12.96073,77.574785,KR_Market,22,4,93,theft,1.39,danger
12.971862,77.705968,Marathahalli,8,0,13,noise_complaint,3.83,safe
12.934565,77.620659,Koramangala,11,4,54,minor_assault,3.4,moderate
12.988058,77.56742,Majestic,21,3,109,chain_snatching,1.28,danger
12.986993,77.597396,Shivajinagar,23,5,71,theft,1.1,danger
12.919752,77.590795,Jayanagar,5,6,57,trespassing,2.89,moderate
12.94883,77.645878,Koramangala,8,4,36,theft,2.83,moderate
13.030092,77.549579,Yeshwanthpur,15,1,28,minor_assault,3.47,moderate
12.914471,77.552288,Jyothy_Institute,14,5,0,noise_complaint,4.92,safe
12.958659,77.595388,KR_Market,16,0,101,assault,1.69,danger
13.011928,77.679216,KR_Puram,15,1,77,assault,1.49,danger
12.999899,77.66199,KR_Puram,18,2,69,assault,1.78,danger
12.971039,77.564429,Chickpet,20,4,89,harassment,1.48,danger
12.963356,77.577849,KR_Market,23,2,80,chain_snatching,1.7,danger
12.976976,77.568712,Majestic,18,6,86,harassment,1.62,danger
12.927466,77.634591,Koramangala,12,0,32,theft,3.14,moderate
12.895708,77.634548,HSR_Layout,16,1,10,noise_complaint,4.22,safe
12.975496,77.570112,Majestic,13,3,80,assault,1.09,danger
12.92955,77.628659,Koramangala,0,4,47,vandalism,3.05,moderate
12.957461,77.575532,KR_Market,3,5,75,harassment,1.25,danger
12.989914,77.574702,Majestic,16,4,74,theft,1.11,danger
12.976168,77.5737,KR_Market,0,3,88,assault,2.36,danger
12.977832,77.572469,Majestic,16,1,94,chain_snatching,1.94,danger
12.969378,77.670401,Marathahalli,10,5,32,minor_dispute,4.7,safe
13.027035,77.563384,Yeshwanthpur,14,1,37,minor_assault,2.63,moderate
12.979641,77.604695,Shivajinagar,4,1,67,theft,1.53,danger
12.965049,77.575285,Chickpet,16,2,62,theft,2.45,danger
12.92402,77.585438,Jayanagar,10,1,43,minor_assault,2.79,moderate
12.910135,77.629345,HSR_Layout,8,1,1,traffic_violation,4.09,safe
13.056966,77.601166,Hebbal,2,0,60,trespassing,3.22,moderate
12.961974,77.712252,Marathahalli,23,0,11,minor_dispute,4.43,safe
12.964049,77.569378,Chickpet,16,2,77,harassment,2.5,danger
12.833849,77.670595,Electronic_City,9,4,28,trespassing,2.7,moderate
12.979336,77.576429,Chickpet,3,3,71,robbery,2.49,danger
13.01447,77.535228,Yeshwanthpur,1,6,33,trespassing,2.81,moderate
12.986191,77.60329,Shivajinagar,23,5,74,chain_snatching,1.84,danger
12.976936,77.5741,KR_Market,23,1,73,robbery,1.99,danger
12.97473,77.576375,Chickpet,22,2,78,assault,1.44,danger
13.001871,77.553105,Rajajinagar,5,5,51,trespassing,3.03,moderate
12.98928,77.585278,Shivajinagar,14,6,70,assault,2.5,danger
12.943814,77.618315,Koramangala,7,0,50,vandalism,3.46,moderate
12.996005,77.548162,Rajajinagar,18,0,55,minor_assault,3.16,moderate
12.986571,77.66167,KR_Puram,7,2,68,harassment,2.22,danger
13.040613,77.540051,Yeshwanthpur,22,5,35,minor_assault,3.0,moderate
12.950262,77.575153,KR_Market,19,5,91,assault,1.02,danger
12.971603,77.5712,Majestic,3,5,88,robbery,2.22,danger
13.008987,77.6643,KR_Puram,4,5,76,harassment,2.38,danger
12.956356,77.572645,KR_Market,20,4,86,theft,1.1,danger
12.965165,77.574937,KR_Market,21,1,76,assault,1.75,danger
12.998252,77.674283,KR_Puram,20,4,73,assault,1.94,danger
12.978874,77.565748,Majestic,17,2,100,robbery,1.28,danger
13.022355,77.587685,Hebbal,14,3,56,minor_assault,2.54,moderate
12.953691,77.58358,KR_Market,15,5,72,assault,1.85,danger
12.960371,77.568081,Chickpet,20,4,73,chain_snatching,1.29,danger
12.990173,77.589449,Shivajinagar,21,6,87,chain_snatching,1.68,danger
12.996795,77.547551,Rajajinagar,20,5,56,trespassing,2.87,moderate
12.972321,77.567323,KR_Market,23,1,65,chain_snatching,1.13,danger
12.983302,77.593306,Shivajinagar,20,3,87,theft,1.66,danger
12.988607,77.546758,Rajajinagar,14,6,58,theft,3.26,moderate
12.957999,77.572187,KR_Market,18,1,86,theft,1.65,danger
13.02864,77.553719,Yeshwanthpur,10,5,51,trespassing,2.65,moderate
12.916638,77.625107,HSR_Layout,13,3,19,traffic_violation,4.49,safe
12.997766,77.597954,Shivajinagar,18,2,85,assault,2.23,danger
12.909144,77.633043,HSR_Layout,15,0,16,traffic_violation,4.09,safe
13.012224,77.645613,KR_Puram,22,1,76,assault,1.46,danger
12.931962,77.653965,Bellandur,17,6,5,noise_complaint,4.89,safe
12.972833,77.731148,Whitefield,8,0,0,traffic_violation,4.86,safe
13.051714,77.562078,Yeshwanthpur,12,1,33,vandalism,3.49,moderate
13.039583,77.610009,Hebbal,20,2,53,theft,2.95,moderate
12.977375,77.551663,Rajajinagar,10,5,29,vandalism,3.32,moderate
12.986898,77.558453,Rajajinagar,20,4,63,minor_assault,3.48,moderate
12.969312,77.573999,Chickpet,22,3,72,chain_snatching,1.91,danger
13.007943,77.659034,KR_Puram,20,6,75,chain_snatching,1.47,danger
12.919949,77.557918,Jyothy_Institute,9,4,18,noise_complaint,3.51,safe
12.93396,77.572871,Jayanagar,17,5,40,trespassing,3.08,moderate
12.99889,77.549666,Rajajinagar,23,2,63,minor_assault,3.15,moderate
12.933521,77.647592,HSR_Layout,17,4,16,minor_dispute,4.75,safe
12.969214,77.565658,Chickpet,9,5,82,chain_snatching,2.13,danger
13.02176,77.599982,Hebbal,2,5,46,minor_assault,3.24,moderate
13.014005,77.66752,KR_Puram,22,0,56,theft,2.34,danger
12.959586,77.688891,Marathahalli,15,2,16,minor_dispute,3.52,safe
12.931135,77.60623,Jayanagar,2,0,43,vandalism,2.91,moderate
13.000503,77.659145,KR_Puram,4,3,66,chain_snatching,2.38,danger
12.954735,77.772085,Whitefield,12,0,19,traffic_violation,4.2,safe
12.992263,77.665832,KR_Puram,15,4,65,chain_snatching,1.81,danger
13.017591,77.56669,Hebbal,15,4,56,vandalism,2.96,moderate
12.979283,77.577635,Chickpet,18,2,88,theft,1.63,danger
12.983722,77.54788,Rajajinagar,10,0,57,theft,2.62,moderate
12.966137,77.581784,Chickpet,18,4,78,assault,1.05,danger
12.921641,77.692064,Bellandur,18,1,29,noise_complaint,4.31,safe
12.919749,77.587237,Jayanagar,8,3,45,trespassing,3.49,moderate
12.952773,77.754792,Whitefield,9,1,13,noise_complaint,3.79,safe
13.001168,77.556059,Rajajinagar,11,2,65,theft,3.02,moderate
13.035155,77.563094,Yeshwanthpur,8,5,57,trespassing,2.78,moderate
12.958635,77.694619,Marathahalli,10,3,18,minor_dispute,4.67,safe
12.974989,77.56429,Majestic,16,2,88,harassment,1.89,danger
12.905059,77.629965,HSR_Layout,14,0,20,traffic_violation,4.18,safe
12.969771,77.5717,Chickpet,0,6,74,chain_snatching,2.31,danger
12.96474,77.567996,KR_Market,18,0,93,robbery,2.4,danger
12.935948,77.585069,Jayanagar,18,4,49,vandalism,2.93,moderate
12.908004,77.633303,HSR_Layout,5,5,24,minor_dispute,4.11,safe
12.98669,77.607136,Shivajinagar,19,2,84,harassment,2.29,danger
12.954066,77.713419,Bellandur,7,0,0,noise_complaint,4.11,safe
12.969006,77.571509,KR_Market,22,4,90,assault,1.09,danger
12.955322,77.589207,KR_Market,21,2,83,chain_snatching,1.5,danger
12.908166,77.684677,Bellandur,3,0,27,minor_dispute,4.27,safe
12.998097,77.669782,KR_Puram,15,0,58,chain_snatching,2.01,danger
12.951707,77.625515,Koramangala,3,4,51,trespassing,3.26,moderate
13.025029,77.601585,Hebbal,16,5,60,vandalism,2.92,moderate
12.980377,77.74262,Whitefield,15,4,11,noise_complaint,4.87,safe
12.938954,77.624322,Koramangala,22,0,41,vandalism,3.48,moderate
12.971657,77.565964,Majestic,18,6,91,theft,1.97,danger
13.003785,77.553472,Yeshwanthpur,0,0,37,minor_assault,3.01,moderate
12.966415,77.583896,KR_Market,23,5,91,robbery,2.44,danger
12.919281,77.75256,Whitefield,11,2,16,minor_dispute,4.04,safe
12.931006,77.610445,Koramangala,8,6,67,vandalism,2.51,moderate
12.969154,77.581866,Chickpet,19,0,79,theft,1.43,danger
12.979611,77.571196,Chickpet,20,5,77,harassment,2.27,danger
13.000334,77.664315,KR_Puram,18,4,68,chain_snatching,1.9,danger
12.926553,77.554328,Jyothy_Institute,14,3,9,traffic_violation,4.5,safe
12.878731,77.637111,HSR_Layout,12,6,14,minor_dispute,4.19,safe
12.943434,77.638213,Koramangala,18,1,46,theft,2.7,moderate
12.969838,77.592734,Majestic,17,4,101,assault,2.38,danger
13.010926,77.671832,KR_Puram,20,5,70,theft,2.47,danger
12.96467,77.561813,Chickpet,23,3,71,assault,1.12,danger
12.851968,77.674554,Electronic_City,15,6,41,vandalism,3.29,moderate
12.894499,77.62506,HSR_Layout,8,3,5,traffic_violation,3.91,safe
12.951209,77.688865,Bellandur,9,0,0,minor_dispute,4.0,safe
12.916385,77.615657,HSR_Layout,6,4,25,noise_complaint,3.75,safe
12.927919,77.664589,Bellandur,12,2,13,traffic_violation,4.46,safe
13.02519,77.607165,Hebbal,17,6,49,vandalism,2.57,moderate
12.9639,77.735963,Marathahalli,8,2,23,noise_complaint,4.99,safe
12.996515,77.66851,KR_Puram,22,4,72,robbery,2.1,danger
12.912471,77.609353,Jayanagar,3,6,35,theft,3.26,moderate
13.016848,77.566239,Yeshwanthpur,2,5,42,trespassing,3.38,moderate
12.978105,77.590847,Shivajinagar,8,6,64,chain_snatching,1.18,danger
12.991947,77.662612,KR_Puram,14,0,79,theft,1.14,danger
12.987015,77.596221,Shivajinagar,7,1,77,chain_snatching,1.68,danger
12.98518,77.619002,Shivajinagar,21,4,93,robbery,1.42,danger
12.980404,77.611268,Shivajinagar,18,3,65,theft,2.4,danger
12.979504,77.580131,Chickpet,18,2,82,assault,2.31,danger
13.005077,77.548913,Rajajinagar,4,3,54,trespassing,3.22,moderate
12.994842,77.636625,Indiranagar,8,6,9,minor_dispute,5.0,safe
12.97199,77.567903,Rajajinagar,8,4,43,theft,2.72,moderate
12.95749,77.577123,KR_Market,13,5,86,theft,1.51,danger
12.860216,77.60897,Bannerghatta,14,3,19,traffic_violation,4.94,safe
13.026338,77.570128,Hebbal,19,5,67,theft,2.52,moderate
12.919442,77.624455,Koramangala,6,6,51,minor_assault,3.45,moderate
12.966274,77.581941,KR_Market,3,3,97,chain_snatching,1.87,danger
12.982414,77.573748,Majestic,1,1,74,theft,2.35,danger
12.968191,77.577265,Majestic,23,3,102,robbery,1.85,danger
12.972571,77.566112,Majestic,23,6,83,assault,1.07,danger
12.958984,77.582063,KR_Market,18,0,62,harassment,2.34,danger
12.982021,77.578681,Majestic,23,3,89,chain_snatching,1.31,danger
12.972237,77.589171,KR_Market,16,4,89,robbery,1.95,danger
13.015624,77.558851,Yeshwanthpur,20,6,47,theft,2.59,moderate
12.897022,77.69462,Bellandur,17,5,13,traffic_violation,4.84,safe
12.959658,77.581197,Chickpet,20,6,96,harassment,1.84,danger
13.007882,77.657489,KR_Puram,20,3,62,harassment,2.11,danger
12.981453,77.565613,Majestic,0,1,84,robbery,1.39,danger
12.933754,77.615861,Koramangala,10,1,48,minor_assault,2.84,moderate
12.965627,77.572524,Chickpet,20,0,89,harassment,1.47,danger
13.036295,77.557289,Yeshwanthpur,0,2,32,trespassing,2.63,moderate
12.999121,77.608192,Shivajinagar,15,1,81,theft,1.99,danger
12.954785,77.573559,KR_Market,0,3,97,robbery,1.47,danger
12.96951,77.744198,Whitefield,17,4,3,minor_dispute,4.07,safe
12.961659,77.589345,KR_Market,1,6,98,assault,1.94,danger
13.017016,77.55969,Yeshwanthpur,13,0,44,vandalism,2.71,moderate
12.966332,77.579669,KR_Market,16,5,62,harassment,1.19,danger
12.90972,77.594273,Jayanagar,6,5,55,minor_assault,2.94,moderate
12.989315,77.607356,Shivajinagar,10,3,77,chain_snatching,1.25,danger
12.920943,77.604205,Jayanagar,16,0,38,theft,3.45,moderate
12.932165,77.588941,Jayanagar,7,1,56,vandalism,2.78,moderate
12.977902,77.613361,Shivajinagar,4,2,63,assault,2.39,danger
12.94462,77.688451,Marathahalli,21,0,37,traffic_violation,4.19,safe
12.932221,77.604075,Jayanagar,5,1,50,minor_assault,2.73,moderate
13.023252,77.55971,Yeshwanthpur,20,3,47,vandalism,3.17,moderate
12.84298,77.668929,Electronic_City,19,2,13,theft,3.29,moderate
13.013893,77.668807,KR_Puram,2,1,73,robbery,2.25,danger
12.996432,77.650811,KR_Puram,1,2,80,robbery,1.14,danger
12.985151,77.609643,Shivajinagar,23,3,74,harassment,2.33,danger
13.004408,77.660245,KR_Puram,7,0,58,harassment,1.77,danger
12.899408,77.644665,HSR_Layout,15,1,31,noise_complaint,4.87,safe
12.860205,77.682042,Electronic_City,7,1,47,trespassing,3.47,moderate
12.925769,77.561437,Jayanagar,6,4,37,minor_assault,2.7,moderate
12.977239,77.572905,Majestic,14,6,107,assault,1.45,danger
12.917214,77.58904,Jayanagar,4,4,50,trespassing,3.33,moderate
12.990612,77.553165,Rajajinagar,19,6,53,theft,3.29,moderate
12.968239,77.706076,Marathahalli,15,3,26,noise_complaint,4.56,safe
13.029368,77.547361,Yeshwanthpur,21,3,46,theft,3.48,moderate
12.975953,77.580035,Chickpet,18,3,81,harassment,2.46,danger
12.994239,77.571259,Rajajinagar,11,1,65,trespassing,2.87,moderate
12.966851,77.563871,Majestic,14,0,89,theft,1.24,danger
12.987405,77.56966,Majestic,10,0,98,chain_snatching,1.07,danger
12.967774,77.573152,Chickpet,17,2,99,harassment,1.59,danger
12.976714,77.692924,Marathahalli,12,1,22,traffic_violation,4.96,safe
12.871016,77.600476,Bannerghatta,14,1,8,traffic_violation,3.79,safe
12.822034,77.666408,Electronic_City,19,4,26,theft,3.5,moderate
12.952233,77.656153,Bellandur,10,0,7,traffic_violation,4.43,safe
12.962855,77.567591,KR_Market,12,4,96,theft,1.89,danger
13.019707,77.665176,KR_Puram,10,4,53,chain_snatching,2.13,danger
12.980998,77.575885,Majestic,20,5,98,harassment,1.6,danger
12.942478,77.582477,KR_Market,23,6,86,robbery,2.3,danger
12.973507,77.578056,Majestic,21,1,79,theft,2.27,danger
12.919433,77.651933,HSR_Layout,12,4,7,minor_dispute,4.33,safe
13.002404,77.653759,KR_Puram,1,5,62,assault,1.08,danger
13.031026,77.594453,Hebbal,2,4,46,theft,2.56,moderate
12.960306,77.569005,KR_Market,23,0,83,chain_snatching,1.41,danger
13.011286,77.656451,KR_Puram,20,2,57,assault,2.22,danger
12.924457,77.646708,HSR_Layout,11,2,19,minor_dispute,4.59,safe
12.96759,77.583636,KR_Market,15,4,83,theft,1.82,danger
12.993006,77.592927,Shivajinagar,18,4,83,chain_snatching,1.93,danger
12.960315,77.753806,Whitefield,5,2,21,traffic_violation,4.34,safe
13.000416,77.666552,KR_Puram,1,3,58,assault,1.38,danger
12.850186,77.617005,Bannerghatta,2,1,30,noise_complaint,4.67,safe
13.014773,77.67347,KR_Puram,19,1,84,robbery,2.04,danger
12.919375,77.642785,HSR_Layout,10,1,0,noise_complaint,4.41,safe
13.023882,77.55237,Yeshwanthpur,17,1,61,theft,3.48,moderate
13.030998,77.613329,Hebbal,20,2,51,theft,3.0,moderate
12.967743,77.648633,Indiranagar,9,1,32,minor_dispute,4.41,safe
12.968705,77.571502,Majestic,22,2,75,harassment,1.1,danger
12.94164,77.634278,Koramangala,21,4,53,theft,2.79,moderate
13.00345,77.669669,KR_Puram,1,2,60,chain_snatching,2.33,danger
12.97581,77.571086,KR_Market,5,4,83,robbery,1.66,danger
12.877601,77.644845,HSR_Layout,14,6,17,noise_complaint,4.63,safe
12.911133,77.607869,Koramangala,19,3,49,vandalism,2.89,moderate
12.953887,77.582347,KR_Market,20,4,93,chain_snatching,1.24,danger
12.972789,77.566455,Chickpet,15,2,99,assault,1.84,danger
12.926624,77.614559,Koramangala,18,5,35,theft,3.1,moderate
12.984745,77.560252,Rajajinagar,11,2,36,minor_assault,2.87,moderate
12.951895,77.57083,KR_Market,17,6,65,chain_snatching,1.9,danger
12.918807,77.643397,HSR_Layout,13,0,7,noise_complaint,4.13,safe
13.016222,77.662787,KR_Puram,0,6,57,harassment,2.23,danger
12.963581,77.720459,Whitefield,9,3,29,noise_complaint,4.26,safe
13.018995,77.540169,Yeshwanthpur,21,6,50,trespassing,3.41,moderate
12.957163,77.6854,Marathahalli,11,3,4,minor_dispute,4.74,safe
13.041357,77.584177,Hebbal,21,5,58,trespassing,2.71,moderate
12.951571,77.615398,Koramangala,4,0,40,minor_assault,3.5,moderate
12.961553,77.579382,KR_Market,6,3,67,robbery,2.27,danger
13.02344,77.556712,Yeshwanthpur,7,5,50,minor_assault,3.0,moderate
12.977756,77.573962,Majestic,14,2,84,theft,1.86,danger
12.918109,77.621967,Koramangala,21,3,58,minor_assault,3.1,moderate
12.940629,77.617548,Koramangala,0,6,31,trespassing,2.75,moderate
12.983203,77.749372,Whitefield,19,2,21,noise_complaint,3.87,safe
12.838884,77.689732,Electronic_City,21,1,39,theft,2.78,moderate
12.979461,77.5701,Majestic,20,2,102,assault,1.19,danger
12.972058,77.581551,Majestic,19,4,84,harassment,1.64,danger
12.991126,77.61085,Shivajinagar,22,2,92,chain_snatching,1.52,danger
12.897857,77.672816,HSR_Layout,17,2,19,noise_complaint,4.6,safe
12.847723,77.67368,Electronic_City,2,4,45,minor_assault,2.52,moderate
12.98015,77.737149,Whitefield,16,3,10,minor_dispute,4.52,safe
12.957137,77.574191,KR_Market,8,4,96,harassment,2.18,danger
12.952956,77.576679,KR_Market,15,3,95,harassment,1.59,danger
12.962642,77.5675,Chickpet,16,6,83,chain_snatching,1.7,danger
12.932513,77.636485,Koramangala,2,1,79,theft,3.41,moderate
12.973377,77.578532,Majestic,18,4,99,robbery,1.62,danger
12.938073,77.58493,Jayanagar,2,0,45,vandalism,3.37,moderate
13.012635,77.561191,Yeshwanthpur,9,4,38,minor_assault,3.16,moderate
12.969181,77.5711,Chickpet,21,4,97,harassment,1.39,danger
13.013812,77.547241,Yeshwanthpur,4,1,39,trespassing,3.45,moderate
12.929613,77.617576,Koramangala,8,3,36,theft,3.05,moderate
12.963133,77.576059,Chickpet,2,3,84,harassment,2.34,danger
13.019226,77.542813,Yeshwanthpur,16,4,61,vandalism,3.01,moderate
13.009869,77.551842,Yeshwanthpur,7,1,46,vandalism,3.22,moderate
12.975949,77.570145,Majestic,5,2,100,robbery,2.22,danger
12.964576,77.717028,Marathahalli,7,6,10,traffic_violation,4.9,safe
13.037108,77.595839,Hebbal,0,0,47,minor_assault,2.62,moderate
12.911236,77.619845,Koramangala,8,2,49,theft,2.58,moderate
12.988635,77.569194,Majestic,20,2,72,assault,2.33,danger
12.939315,77.616736,Koramangala,14,1,70,theft,2.91,moderate
12.981225,77.561863,Majestic,14,2,99,theft,1.02,danger
13.030335,77.551169,Yeshwanthpur,20,6,49,vandalism,2.78,moderate
12.867981,77.569717,Bannerghatta,17,4,15,traffic_violation,4.9,safe
13.056556,77.615582,Hebbal,15,5,41,minor_assault,2.75,moderate
13.036317,77.564524,Yeshwanthpur,13,4,35,theft,2.96,moderate
13.051085,77.600009,Hebbal,1,0,49,minor_assault,3.32,moderate
13.030396,77.552005,Yeshwanthpur,15,3,50,theft,3.2,moderate
12.915051,77.558007,Jyothy_Institute,14,2,7,noise_complaint,3.98,safe
12.937061,77.600028,Jayanagar,2,6,43,trespassing,2.92,moderate
12.999681,77.694324,KR_Puram,21,6,57,chain_snatching,2.25,danger
12.972801,77.56668,Majestic,20,1,89,chain_snatching,1.26,danger
12.901135,77.62381,HSR_Layout,9,5,0,traffic_violation,3.77,safe
12.82295,77.686718,Electronic_City,17,6,48,vandalism,3.33,moderate
12.961139,77.566487,KR_Market,19,5,70,robbery,2.01,danger
12.953448,77.590518,KR_Market,16,3,103,theft,1.17,danger
12.991951,77.590077,Shivajinagar,4,4,71,assault,1.21,danger
13.004057,77.669815,KR_Puram,18,4,55,chain_snatching,2.28,danger
12.967171,77.586573,KR_Market,19,5,78,assault,2.14,danger
13.021995,77.584999,Hebbal,2,5,56,minor_assault,3.39,moderate
12.971993,77.572863,Majestic,17,6,79,robbery,2.04,danger
12.917257,77.605212,Koramangala,18,0,37,vandalism,3.36,moderate
12.986989,77.559275,Majestic,16,5,92,harassment,2.0,danger
12.979585,77.575201,Majestic,5,6,88,assault,1.16,danger
12.966764,77.588769,KR_Market,22,0,82,theft,1.99,danger
12.943644,77.626707,Koramangala,1,0,63,vandalism,2.96,moderate
12.967394,77.576846,Chickpet,16,5,97,harassment,1.87,danger
12.816575,77.66185,Electronic_City,22,5,25,trespassing,3.12,moderate
12.934024,77.634218,Koramangala,13,4,43,minor_assault,3.22,moderate
13.019484,77.622535,Hebbal,20,6,44,minor_assault,2.96,moderate
12.922997,77.619703,Koramangala,19,6,56,minor_assault,3.18,moderate
12.987671,77.674274,KR_Puram,20,1,70,assault,1.98,danger
12.969155,77.575707,Majestic,14,6,81,theft,2.5,danger
12.994091,77.590104,Shivajinagar,21,1,85,robbery,1.95,danger
12.977485,77.583512,Majestic,6,0,80,assault,2.32,danger
12.974814,77.578715,Chickpet,20,6,83,theft,1.83,danger
12.861703,77.59823,Bannerghatta,15,2,27,noise_complaint,4.88,safe
12.973798,77.577908,Majestic,1,5,84,harassment,1.81,danger
12.92694,77.717521,Marathahalli,12,1,20,minor_dispute,4.5,safe
12.979564,77.561383,KR_Market,23,2,90,robbery,1.29,danger
12.95947,77.633155,Koramangala,1,1,47,theft,3.29,moderate
13.017515,77.657648,KR_Puram,11,2,79,harassment,1.16,danger
12.936487,77.695634,Bellandur,18,1,8,noise_complaint,3.91,safe
12.811816,77.682609,Electronic_City,4,3,27,vandalism,3.32,moderate
12.831692,77.703847,Electronic_City,17,0,41,vandalism,2.65,moderate
13.002004,77.607209,Shivajinagar,21,4,66,harassment,1.13,danger
12.966242,77.577121,KR_Market,20,2,76,harassment,1.82,danger
12.985057,77.760547,Whitefield,14,2,3,noise_complaint,3.6,safe
12.941902,77.665554,Marathahalli,6,2,11,minor_dispute,3.75,safe
12.983861,77.552292,Rajajinagar,3,5,45,trespassing,3.2,moderate
12.935845,77.677375,Bellandur,12,6,25,minor_dispute,4.19,safe
12.809297,77.67555,Electronic_City,1,1,33,vandalism,2.62,moderate
12.856614,77.687155,Electronic_City,14,1,29,vandalism,2.52,moderate
12.958965,77.582133,Chickpet,6,5,72,theft,1.07,danger
13.033412,77.540749,Yeshwanthpur,4,5,38,theft,3.2,moderate
13.022806,77.684838,KR_Puram,22,5,57,assault,2.16,danger
13.010587,77.663954,KR_Puram,23,6,61,assault,2.03,danger
13.026414,77.549855,Yeshwanthpur,4,2,50,trespassing,2.73,moderate
12.93881,77.623963,Koramangala,11,3,59,vandalism,2.67,moderate
12.978913,77.588446,Majestic,14,4,78,theft,2.44,danger
12.983969,77.563682,Majestic,3,2,77,chain_snatching,1.39,danger
13.025265,77.549041,Yeshwanthpur,6,5,51,theft,2.63,moderate
12.97197,77.571539,Majestic,23,6,99,chain_snatching,2.45,danger
12.966486,77.586121,KR_Market,16,3,96,chain_snatching,1.51,danger
12.955527,77.704153,Marathahalli,8,3,25,minor_dispute,3.84,safe
12.912785,77.567053,Jyothy_Institute,11,5,14,traffic_violation,4.52,safe
12.925408,77.649957,Koramangala,9,5,41,minor_assault,2.88,moderate
13.027819,77.666312,KR_Puram,21,4,72,harassment,2.22,danger
12.869295,77.595463,Bannerghatta,16,6,26,traffic_violation,3.97,safe
12.986454,77.576274,Majestic,22,4,86,theft,1.6,danger
13.020293,77.540498,Yeshwanthpur,3,4,53,vandalism,3.04,moderate
13.031655,77.564407,Yeshwanthpur,16,3,55,trespassing,2.64,moderate
12.886809,77.653023,HSR_Layout,8,0,15,traffic_violation,4.05,safe
12.970627,77.576953,Chickpet,10,5,102,chain_snatching,1.67,danger
12.956705,77.561994,KR_Market,12,1,78,chain_snatching,2.15,danger
13.039261,77.571732,Hebbal,8,6,48,trespassing,2.77,moderate
12.984741,77.589043,Shivajinagar,3,4,90,robbery,2.38,danger
12.914686,77.556486,Jyothy_Institute,16,5,7,minor_dispute,4.0,safe
12.944285,77.603813,Koramangala,20,1,62,minor_assault,2.87,moderate
12.970466,77.578164,Chickpet,16,6,74,chain_snatching,1.05,danger
12.951542,77.573521,KR_Market,20,1,78,robbery,1.66,danger
12.91948,77.597756,Koramangala,6,1,68,vandalism,2.94,moderate
12.840154,77.682322,Electronic_City,0,5,57,vandalism,3.5,moderate
12.95155,77.596738,KR_Market,3,2,75,robbery,2.0,danger
12.997252,77.662674,KR_Puram,18,6,78,robbery,1.15,danger
12.858086,77.622388,Bannerghatta,12,1,27,minor_dispute,4.97,safe
12.8251,77.673459,Electronic_City,9,6,20,vandalism,2.63,moderate
12.877269,77.567644,Bannerghatta,14,3,22,traffic_violation,3.75,safe
12.93049,77.677874,Bellandur,9,4,18,minor_dispute,4.99,safe
13.032285,77.589619,Hebbal,12,2,45,minor_assault,3.41,moderate
13.03607,77.622211,Hebbal,21,4,51,theft,3.44,moderate
12.974765,77.588089,Majestic,4,2,116,robbery,2.1,danger
13.022821,77.558347,Yeshwanthpur,18,5,57,vandalism,2.55,moderate
12.969602,77.582588,KR_Market,20,3,86,theft,1.93,danger
12.916177,77.595224,Jayanagar,7,1,42,trespassing,3.34,moderate
13.003664,77.660233,KR_Puram,19,0,74,robbery,2.46,danger
13.010416,77.668628,KR_Puram,8,5,70,harassment,1.1,danger
12.973282,77.575733,Majestic,9,5,85,assault,1.87,danger
12.961342,77.571531,KR_Market,23,6,92,assault,1.02,danger
13.020013,77.535828,Yeshwanthpur,14,1,59,minor_assault,3.05,moderate
13.020997,77.666654,KR_Puram,22,0,71,theft,1.38,danger
12.960367,77.557995,KR_Market,20,0,90,chain_snatching,2.43,danger
12.924884,77.708012,Bellandur,8,1,13,traffic_violation,4.6,safe
13.010991,77.753751,Whitefield,15,5,17,traffic_violation,4.82,safe
12.967257,77.570116,Chickpet,1,1,76,robbery,1.03,danger
13.025665,77.537511,Yeshwanthpur,23,2,35,theft,2.98,moderate
12.986345,77.607937,Shivajinagar,19,0,49,assault,1.19,danger
13.029761,77.565444,Yeshwanthpur,6,1,33,minor_assault,2.69,moderate
12.94336,77.706582,Marathahalli,12,5,23,noise_complaint,4.11,safe
12.991832,77.535093,Rajajinagar,15,5,45,trespassing,3.31,moderate
12.968059,77.642641,Indiranagar,10,4,40,traffic_violation,4.79,safe
12.919973,77.620389,Koramangala,7,2,57,theft,2.77,moderate
12.944375,77.709822,Marathahalli,11,6,10,noise_complaint,3.92,safe
12.955806,77.567071,Chickpet,5,6,67,harassment,2.15,danger
12.853351,77.66696,Electronic_City,2,6,32,trespassing,2.74,moderate
12.838142,77.683991,Electronic_City,19,5,32,trespassing,2.83,moderate
13.007536,77.553931,Rajajinagar,16,2,61,trespassing,2.82,moderate
13.010546,77.651761,KR_Puram,23,3,77,chain_snatching,1.98,danger
12.962909,77.629525,Indiranagar,11,0,24,traffic_violation,4.03,safe
12.975771,77.574071,Majestic,17,0,92,chain_snatching,1.72,danger
12.948192,77.579858,KR_Market,20,5,88,harassment,1.78,danger
13.009235,77.608444,Shivajinagar,0,4,81,chain_snatching,2.21,danger
13.028868,77.579944,Yeshwanthpur,2,4,39,minor_assault,2.62,moderate
12.971742,77.568232,Majestic,18,1,84,robbery,1.35,danger
12.851143,77.662516,Electronic_City,12,6,38,theft,3.25,moderate
13.029389,77.596376,Hebbal,9,6,45,trespassing,3.39,moderate
12.993113,77.543273,Rajajinagar,12,5,51,vandalism,2.67,moderate
12.869496,77.597521,Bannerghatta,16,0,5,minor_dispute,3.96,safe
12.959372,77.577619,KR_Market,19,0,76,chain_snatching,1.19,danger
12.996901,77.544029,Rajajinagar,6,2,63,minor_assault,3.13,moderate
12.966032,77.579379,Chickpet,23,2,93,theft,1.17,danger
12.975689,77.596849,Shivajinagar,12,6,79,theft,1.25,danger
12.990386,77.612721,Shivajinagar,3,5,66,chain_snatching,2.11,danger
12.967883,77.575685,KR_Market,4,2,95,harassment,2.02,danger
12.968494,77.572932,Majestic,14,0,94,chain_snatching,1.03,danger
13.034576,77.60471,Hebbal,1,3,39,vandalism,2.73,moderate
12.848804,77.686669,Electronic_City,7,6,40,minor_assault,3.11,moderate
12.968777,77.561851,KR_Market,2,6,87,assault,2.19,danger
12.979483,77.589882,Shivajinagar,21,3,90,robbery,1.8,danger
13.024455,77.544338,Yeshwanthpur,1,4,30,theft,3.4,moderate
13.030548,77.5459,Yeshwanthpur,19,2,41,trespassing,2.99,moderate
12.955594,77.574733,Chickpet,17,6,85,robbery,1.02,danger
12.976051,77.59916,Shivajinagar,20,6,73,harassment,1.28,danger
12.834647,77.692017,Electronic_City,9,6,34,theft,2.69,moderate
12.969056,77.577532,Majestic,23,5,91,chain_snatching,1.69,danger
12.989979,77.568739,Rajajinagar,5,6,59,theft,2.85,moderate
13.043246,77.606561,Hebbal,20,6,60,trespassing,3.04,moderate
12.934486,77.680005,Marathahalli,10,2,18,noise_complaint,4.84,safe
13.007741,77.736006,Whitefield,14,1,6,traffic_violation,4.18,safe
12.96885,77.577852,Chickpet,16,3,72,theft,2.31,danger
13.013601,77.765865,Whitefield,10,5,27,minor_dispute,4.95,safe
12.932096,77.695974,Marathahalli,16,6,35,noise_complaint,4.03,safe
12.922258,77.560391,Jyothy_Institute,14,5,6,noise_complaint,4.13,safe
12.972364,77.584861,Chickpet,10,6,83,chain_snatching,1.23,danger
13.028706,77.6023,Hebbal,15,3,44,trespassing,3.47,moderate
12.976427,77.58498,Chickpet,14,1,86,chain_snatching,1.46,danger
12.951075,77.61788,Koramangala,22,2,40,theft,2.75,moderate
13.033983,77.596588,Hebbal,20,3,62,vandalism,3.02,moderate
12.985267,77.741532,Whitefield,6,5,14,minor_dispute,4.53,safe
12.977714,77.586145,Chickpet,22,3,62,theft,1.79,danger
12.921293,77.687938,Bellandur,8,4,3,noise_complaint,4.32,safe
12.975059,77.57037,Chickpet,20,1,77,chain_snatching,2.05,danger
13.016365,77.681821,KR_Puram,19,4,70,robbery,1.91,danger
12.971673,77.586246,Chickpet,20,6,67,theft,1.56,danger
12.914269,77.556094,Jyothy_Institute,15,1,4,minor_dispute,4.37,safe
12.925585,77.563037,Jyothy_Institute,9,3,3,noise_complaint,3.75,safe
13.02861,77.59459,Hebbal,4,0,46,theft,3.47,moderate
13.010485,77.547966,Yeshwanthpur,3,6,51,theft,2.82,moderate
12.963093,77.592247,KR_Market,22,1,87,theft,1.74,danger
12.975188,77.59972,Shivajinagar,1,3,65,theft,1.22,danger
12.982286,77.60173,Shivajinagar,20,4,67,harassment,1.48,danger
12.992386,77.653093,KR_Puram,17,3,75,harassment,1.61,danger
12.938735,77.616738,Koramangala,9,6,66,minor_assault,2.82,moderate
13.006608,77.553942,Rajajinagar,3,5,62,trespassing,2.83,moderate
12.981027,77.581866,Majestic,22,0,89,chain_snatching,1.34,danger
12.850506,77.59709,Bannerghatta,16,1,35,minor_dispute,3.77,safe
12.934197,77.637429,Koramangala,9,4,39,trespassing,3.22,moderate
12.966281,77.579048,KR_Market,20,0,94,harassment,1.26,danger
12.981382,77.607491,Shivajinagar,0,4,70,harassment,1.5,danger
12.974796,77.58297,Shivajinagar,22,4,83,chain_snatching,2.19,danger
12.996285,77.593841,Shivajinagar,17,3,78,assault,2.42,danger
12.984797,77.593803,Shivajinagar,20,0,72,assault,2.17,danger
13.035728,77.601906,Hebbal,22,6,42,theft,2.93,moderate
12.922658,77.672048,Bellandur,9,0,29,traffic_violation,4.25,safe
12.966427,77.578056,Chickpet,11,3,73,theft,2.31,danger
12.977048,77.581737,Chickpet,10,1,71,assault,1.38,danger
12.978773,77.573927,Majestic,20,4,82,theft,1.53,danger
12.865337,77.600528,Bannerghatta,18,6,33,minor_dispute,3.64,safe
12.924168,77.588058,Jayanagar,19,2,37,vandalism,3.12,moderate
13.003808,77.67221,KR_Puram,22,5,67,assault,1.21,danger
12.927776,77.610422,Jayanagar,9,0,43,vandalism,2.5,moderate
12.854431,77.679492,Electronic_City,3,3,48,minor_assault,2.76,moderate
13.008772,77.657675,KR_Puram,2,5,72,harassment,1.03,danger
12.972691,77.578961,Chickpet,23,4,89,harassment,2.11,danger
12.984868,77.584786,Shivajinagar,15,6,73,robbery,2.19,danger
12.989022,77.604497,Shivajinagar,20,6,60,robbery,1.55,danger
12.977937,77.575061,Majestic,22,2,103,harassment,1.61,danger
12.968525,77.540566,Rajajinagar,5,0,44,minor_assault,3.2,moderate
13.013287,77.65404,KR_Puram,10,2,73,theft,1.28,danger
12.909296,77.697321,Bellandur,9,1,20,noise_complaint,3.75,safe
12.961814,77.652163,Indiranagar,11,4,14,minor_dispute,4.3,safe
12.900593,77.680428,Bellandur,14,0,2,traffic_violation,4.49,safe
12.912104,77.704185,Bellandur,9,6,5,minor_dispute,4.44,safe
12.977121,77.573733,Majestic,23,3,94,chain_snatching,1.79,danger
12.956258,77.582122,KR_Market,22,3,73,robbery,2.45,danger
12.973167,77.739051,Whitefield,15,6,0,minor_dispute,4.0,safe
12.851685,77.655675,Electronic_City,9,1,20,theft,2.75,moderate
12.956636,77.578563,KR_Market,0,3,90,chain_snatching,2.33,danger
12.971461,77.758442,Whitefield,15,3,28,traffic_violation,3.7,safe
12.996952,77.687584,KR_Puram,20,6,63,theft,1.05,danger
12.97298,77.571144,Majestic,23,4,83,assault,1.82,danger
12.955495,77.565938,KR_Market,20,1,84,harassment,2.4,danger
12.922708,77.628459,Koramangala,8,3,35,theft,2.96,moderate
12.96216,77.572185,Chickpet,22,2,75,robbery,1.62,danger
13.041055,77.535515,Yeshwanthpur,11,3,45,trespassing,2.8,moderate
12.937765,77.593589,Jayanagar,4,4,35,vandalism,2.88,moderate
13.004003,77.665841,KR_Puram,23,2,60,theft,1.12,danger
13.034718,77.588594,Hebbal,8,1,33,vandalism,3.5,moderate
13.032166,77.591916,Hebbal,15,2,54,trespassing,2.68,moderate
12.839173,77.703641,Electronic_City,15,3,41,minor_assault,3.44,moderate
13.002249,77.676878,KR_Puram,16,2,83,robbery,2.45,danger
12.98682,77.604062,Shivajinagar,23,5,78,assault,1.31,danger
12.968821,77.558037,Chickpet,20,3,78,chain_snatching,1.97,danger
12.961426,77.575726,KR_Market,20,1,79,theft,1.85,danger
13.047054,77.60804,Hebbal,3,0,54,minor_assault,2.89,moderate
12.971258,77.576153,Majestic,16,3,84,theft,1.28,danger
13.014532,77.661091,KR_Puram,21,6,75,harassment,1.69,danger
12.97722,77.562667,Majestic,19,0,96,harassment,1.99,danger
12.923918,77.684053,Bellandur,14,1,4,traffic_violation,3.88,safe
12.985616,77.66927,KR_Puram,17,4,70,robbery,1.3,danger
12.981419,77.577144,Chickpet,12,3,93,chain_snatching,2.23,danger
12.983541,77.656562,Indiranagar,8,4,0,minor_dispute,4.01,safe
12.932106,77.58161,Jayanagar,22,6,45,minor_assault,3.31,moderate
12.850457,77.671482,Electronic_City,9,0,25,theft,3.3,moderate
12.973229,77.576963,Chickpet,20,0,78,assault,1.59,danger
12.963365,77.567848,Chickpet,4,2,80,theft,1.15,danger
12.988543,77.539165,Rajajinagar,8,2,53,trespassing,2.62,moderate
13.024147,77.547114,Yeshwanthpur,20,4,34,vandalism,3.03,moderate
12.982989,77.591596,Shivajinagar,17,3,92,assault,1.89,danger
12.96474,77.576262,Chickpet,21,4,68,theft,1.14,danger
13.031449,77.577653,Hebbal,18,1,64,theft,3.02,moderate
13.03659,77.57527,Hebbal,3,5,49,vandalism,2.62,moderate
12.996696,77.555365,Rajajinagar,13,5,39,theft,2.91,moderate
12.995437,77.606204,Shivajinagar,23,4,80,harassment,1.47,danger
12.966068,77.552885,Majestic,16,3,97,assault,2.29,danger
12.984845,77.597382,Shivajinagar,18,5,69,robbery,2.14,danger
13.032103,77.613856,Hebbal,22,2,51,theft,3.39,moderate
13.028368,77.566298,Yeshwanthpur,3,6,56,minor_assault,2.78,moderate
12.95274,77.622904,Koramangala,14,4,51,vandalism,2.92,moderate
12.980741,77.602313,Shivajinagar,23,2,85,harassment,1.14,danger
13.001729,77.553171,Rajajinagar,13,4,45,vandalism,2.56,moderate
12.976357,77.589483,Shivajinagar,19,6,63,chain_snatching,2.24,danger
12.822323,77.646596,Electronic_City,17,1,55,theft,2.96,moderate
12.993813,77.752056,Whitefield,17,4,3,noise_complaint,3.53,safe
13.030492,77.557311,Yeshwanthpur,4,0,47,theft,2.52,moderate
12.82727,77.670337,Electronic_City,14,1,38,minor_assault,2.9,moderate
12.960264,77.575458,KR_Market,17,4,83,assault,2.12,danger
12.972977,77.729627,Whitefield,9,0,0,noise_complaint,3.52,safe
13.023557,77.545778,Yeshwanthpur,22,3,36,minor_assault,2.89,moderate
12.986686,77.575591,Majestic,13,5,81,assault,2.27,danger
12.995226,77.67178,KR_Puram,5,5,66,harassment,2.39,danger
12.989533,77.545003,Rajajinagar,11,2,49,minor_assault,3.23,moderate
12.95732,77.604967,KR_Market,18,2,70,chain_snatching,1.14,danger
12.824194,77.609278,Bannerghatta,9,1,23,minor_dispute,4.68,safe
12.968803,77.578463,Chickpet,21,3,67,robbery,1.72,danger
12.902873,77.669557,Bellandur,11,1,22,noise_complaint,3.78,safe
12.964735,77.565466,Majestic,16,1,86,chain_snatching,2.1,danger
12.973642,77.706125,Marathahalli,13,1,11,traffic_violation,3.73,safe
13.034331,77.55995,Yeshwanthpur,0,2,34,minor_assault,2.88,moderate
12.924141,77.587999,Jayanagar,9,1,47,minor_assault,3.0,moderate
12.987927,77.620892,Indiranagar,15,6,25,traffic_violation,4.84,safe
13.014142,77.563233,Hebbal,15,3,47,vandalism,3.19,moderate
12.887406,77.628488,HSR_Layout,9,2,0,traffic_violation,4.42,safe
12.90829,77.656283,Bellandur,10,5,11,traffic_violation,4.08,safe
12.919579,77.664177,Bellandur,6,1,2,noise_complaint,3.57,safe
12.95324,77.630693,Koramangala,18,1,58,trespassing,2.74,moderate
12.967621,77.583353,Chickpet,20,6,77,harassment,1.94,danger
12.949405,77.679442,Marathahalli,9,5,14,noise_complaint,4.23,safe
12.986312,77.61322,Shivajinagar,2,0,70,harassment,2.06,danger
13.037441,77.553971,Yeshwanthpur,0,0,44,theft,2.91,moderate
13.023205,77.55879,Yeshwanthpur,22,0,56,theft,3.04,moderate
12.995208,77.53966,Rajajinagar,17,4,60,theft,2.7,moderate
13.041534,77.582354,Hebbal,8,5,43,trespassing,2.83,moderate
12.985803,77.573253,Majestic,22,6,98,theft,1.5,danger
13.032432,77.536274,Yeshwanthpur,5,6,37,theft,3.11,moderate
13.018203,77.583697,Hebbal,19,3,58,theft,2.82,moderate
12.974034,77.567504,Majestic,14,3,82,theft,1.25,danger
12.981193,77.563503,Majestic,6,0,100,harassment,2.42,danger
12.833172,77.679559,Electronic_City,3,5,36,minor_assault,2.8,moderate
12.98424,77.582366,Chickpet,3,6,91,assault,1.74,danger
12.97657,77.589886,Shivajinagar,19,2,84,assault,2.45,danger
13.027213,77.600423,Hebbal,0,6,55,minor_assault,2.86,moderate
12.979743,77.718443,Marathahalli,11,3,18,minor_dispute,3.98,safe
12.981045,77.578581,Majestic,19,1,101,harassment,1.42,danger
12.957795,77.575933,KR_Market,16,3,89,robbery,1.6,danger
12.98438,77.57536,Majestic,20,1,100,robbery,1.75,danger
12.838523,77.655874,Electronic_City,15,1,35,theft,3.41,moderate
13.007487,77.659515,KR_Puram,21,6,53,theft,1.41,danger
12.900738,77.6142,Bannerghatta,13,1,19,minor_dispute,4.67,safe
13.028589,77.559279,Yeshwanthpur,18,5,50,minor_assault,2.78,moderate
12.920969,77.553489,Jyothy_Institute,9,6,13,minor_dispute,3.89,safe
12.924437,77.623651,Koramangala,0,2,44,vandalism,2.66,moderate
12.974403,77.563451,Majestic,21,5,99,chain_snatching,2.23,danger
12.988206,77.560109,Rajajinagar,9,3,57,minor_assault,2.88,moderate
12.973978,77.706164,Marathahalli,13,3,23,minor_dispute,4.5,safe
13.046974,77.587845,Hebbal,5,0,55,trespassing,3.32,moderate
12.937311,77.664445,Bellandur,10,3,17,traffic_violation,3.91,safe
12.929059,77.597366,Jayanagar,16,6,49,vandalism,2.58,moderate
12.96731,77.595716,Shivajinagar,17,4,80,chain_snatching,1.73,danger
12.89387,77.639935,HSR_Layout,6,3,14,minor_dispute,4.4,safe
13.024277,77.586518,Hebbal,18,5,58,vandalism,2.7,moderate
12.984049,77.556292,Rajajinagar,16,6,45,trespassing,2.6,moderate
12.969911,77.697431,Marathahalli,18,4,23,minor_dispute,3.73,safe
12.967862,77.573916,Chickpet,12,4,79,harassment,1.27,danger
12.908334,77.598954,Jayanagar,18,3,39,trespassing,2.82,moderate
12.955025,77.628071,Indiranagar,12,3,18,noise_complaint,4.92,safe
12.932973,77.691596,Bellandur,11,6,16,traffic_violation,4.91,safe
12.990604,77.676461,KR_Puram,20,2,61,harassment,1.49,danger
13.006411,77.597926,Shivajinagar,21,2,83,harassment,1.19,danger
12.979063,77.742874,Whitefield,14,0,8,minor_dispute,4.95,safe
12.992289,77.605581,Shivajinagar,20,5,75,harassment,1.45,danger
12.948512,77.576374,KR_Market,19,1,81,chain_snatching,1.65,danger
13.028386,77.54999,Yeshwanthpur,4,3,48,trespassing,2.7,moderate
12.833827,77.678872,Electronic_City,13,0,17,vandalism,3.38,moderate
12.97007,77.563209,Chickpet,18,3,71,harassment,2.38,danger
12.990778,77.586386,Shivajinagar,8,5,71,harassment,1.49,danger
13.019952,77.564004,Yeshwanthpur,15,3,34,vandalism,2.88,moderate
13.011522,77.670363,KR_Puram,3,5,71,theft,2.33,danger
12.914554,77.607537,Jayanagar,9,6,34,theft,3.23,moderate
12.998974,77.641902,Indiranagar,10,0,20,minor_dispute,3.95,safe
13.043644,77.608572,Hebbal,17,4,27,trespassing,3.24,moderate
12.910615,77.652981,Bellandur,3,1,1,minor_dispute,3.99,safe
12.950973,77.624419,Koramangala,11,4,42,minor_assault,2.98,moderate
12.869034,77.619573,Bannerghatta,17,1,3,minor_dispute,4.02,safe
13.01401,77.666625,KR_Puram,16,6,72,robbery,2.39,danger
12.923241,77.569011,Jayanagar,8,3,45,minor_assault,2.96,moderate
12.930429,77.602766,Jayanagar,9,6,60,trespassing,3.37,moderate
13.028491,77.542917,Yeshwanthpur,2,4,63,trespassing,2.89,moderate
12.836603,77.668963,Electronic_City,10,2,42,theft,2.62,moderate
12.907167,77.611553,Koramangala,20,1,45,vandalism,3.35,moderate
12.830087,77.684236,Electronic_City,23,4,22,vandalism,3.34,moderate
12.917377,77.557023,Jyothy_Institute,15,6,0,traffic_violation,4.38,safe
12.952813,77.698365,Marathahalli,4,4,17,traffic_violation,4.23,safe
13.024488,77.605714,Hebbal,9,4,45,minor_assault,2.87,moderate
12.976934,77.55611,Rajajinagar,7,2,37,vandalism,3.06,moderate
12.94861,77.703628,Whitefield,13,6,10,traffic_violation,4.99,safe
12.986074,77.682857,KR_Puram,12,0,60,theft,2.44,danger
12.830653,77.683949,Electronic_City,2,2,42,minor_assault,2.78,moderate
12.936244,77.594484,Jayanagar,13,4,52,trespassing,3.31,moderate
12.966978,77.567134,Majestic,3,3,82,robbery,2.34,danger
12.964198,77.563563,Chickpet,20,0,86,chain_snatching,1.34,danger
12.967614,77.699561,Marathahalli,10,0,14,traffic_violation,4.75,safe
13.005275,77.609693,Hebbal,3,6,37,minor_assault,2.55,moderate
12.997551,77.619929,Indiranagar,10,5,6,noise_complaint,4.35,safe
12.974993,77.570624,Majestic,21,4,85,robbery,1.96,danger
13.027901,77.551057,Yeshwanthpur,21,1,35,trespassing,3.03,moderate
12.978975,77.568176,Majestic,12,4,92,assault,1.48,danger
12.984347,77.592415,Shivajinagar,20,0,79,chain_snatching,1.78,danger
13.007713,77.676996,KR_Puram,5,2,76,harassment,2.03,danger
12.981911,77.582228,Shivajinagar,20,6,80,assault,2.23,danger
13.005427,77.663627,KR_Puram,14,1,64,chain_snatching,1.61,danger
12.981576,77.593649,Shivajinagar,10,5,80,chain_snatching,1.48,danger
13.022961,77.545408,Yeshwanthpur,0,5,31,theft,3.27,moderate
12.950478,77.574914,KR_Market,17,2,89,chain_snatching,1.63,danger
12.982953,77.569512,Majestic,22,1,96,chain_snatching,1.68,danger
12.927243,77.564588,Jyothy_Institute,14,0,13,traffic_violation,4.68,safe
12.969385,77.672194,Indiranagar,7,5,5,traffic_violation,4.96,safe
12.982353,77.603438,Shivajinagar,6,5,78,assault,1.55,danger
12.963908,77.568518,KR_Market,16,2,73,robbery,2.2,danger
12.918057,77.564824,Jyothy_Institute,14,5,12,traffic_violation,4.5,safe
12.908473,77.558203,Jyothy_Institute,14,1,0,noise_complaint,4.18,safe
12.981421,77.569364,Majestic,11,4,94,assault,2.29,danger
12.923878,77.666382,Bellandur,5,0,18,minor_dispute,4.46,safe
12.992244,77.599428,Shivajinagar,13,3,75,harassment,1.73,danger
12.99578,77.612202,Shivajinagar,17,1,92,harassment,1.93,danger
12.957698,77.58458,KR_Market,3,3,92,chain_snatching,1.74,danger
12.842582,77.663715,Electronic_City,8,6,42,trespassing,3.46,moderate
12.854339,77.677631,Electronic_City,0,5,52,minor_assault,3.26,moderate
13.002978,77.552252,Rajajinagar,13,1,58,minor_assault,2.88,moderate
12.900399,77.584754,Jayanagar,5,1,46,minor_assault,3.29,moderate
12.922561,77.630523,HSR_Layout,0,3,28,minor_dispute,4.96,safe
13.015101,77.65992,KR_Puram,20,1,51,assault,2.32,danger
12.996224,77.608813,Shivajinagar,17,6,63,harassment,1.06,danger
13.043356,77.597485,Hebbal,23,0,36,vandalism,2.61,moderate
12.981171,77.578707,Majestic,20,1,74,harassment,1.41,danger
12.979029,77.641778,Indiranagar,10,2,20,minor_dispute,3.83,safe
12.964889,77.626055,Indiranagar,11,6,9,minor_dispute,3.93,safe
12.919538,77.659691,Bellandur,12,3,13,noise_complaint,4.16,safe
12.990023,77.585629,Shivajinagar,21,3,78,robbery,2.48,danger
13.013603,77.640327,KR_Puram,18,0,86,theft,1.0,danger
13.030547,77.56339,Yeshwanthpur,14,6,37,theft,2.95,moderate
12.998228,77.5954,Shivajinagar,19,5,64,robbery,1.24,danger
12.984809,77.599544,Shivajinagar,2,0,75,theft,2.32,danger
12.984641,77.57736,Rajajinagar,21,2,41,vandalism,3.19,moderate
12.925406,77.638018,HSR_Layout,11,1,40,minor_dispute,3.51,safe
12.93038,77.588265,Jayanagar,10,2,43,trespassing,2.65,moderate
12.91356,77.678381,Bellandur,14,2,9,minor_dispute,4.0,safe
12.912354,77.68528,Bellandur,7,5,36,noise_complaint,4.92,safe
13.040607,77.555104,Yeshwanthpur,10,2,49,vandalism,3.16,moderate
12.967122,77.585211,Majestic,6,0,73,robbery,1.52,danger
12.925842,77.591388,Jayanagar,21,1,43,trespassing,3.39,moderate
13.006139,77.659202,KR_Puram,14,6,71,assault,1.35,danger
12.980112,77.576461,Majestic,23,3,79,harassment,1.66,danger
13.01912,77.556812,Yeshwanthpur,11,4,48,theft,2.86,moderate
12.85463,77.697907,Electronic_City,1,4,48,theft,3.27,moderate
12.993949,77.573587,Majestic,20,4,81,assault,2.13,danger
12.963657,77.6908,Marathahalli,15,2,18,noise_complaint,4.36,safe
12.965787,77.565586,Chickpet,23,0,85,chain_snatching,1.98,danger
12.989568,77.567029,Rajajinagar,12,3,51,vandalism,2.89,moderate
12.966249,77.581066,KR_Market,20,6,99,theft,1.23,danger
12.845273,77.693657,Electronic_City,14,6,44,theft,3.27,moderate
13.005813,77.663592,KR_Puram,19,5,78,harassment,1.66,danger
13.029542,77.541591,Yeshwanthpur,9,5,38,trespassing,3.28,moderate
12.834792,77.589727,Bannerghatta,15,3,2,minor_dispute,4.55,safe
12.906459,77.625778,HSR_Layout,15,3,17,noise_complaint,3.97,safe
12.97707,77.558632,Rajajinagar,16,1,60,vandalism,3.22,moderate
12.997384,77.666826,KR_Puram,17,2,80,robbery,1.37,danger
12.982061,77.565372,Majestic,18,1,102,chain_snatching,1.5,danger
13.025276,77.677253,KR_Puram,12,2,64,assault,1.39,danger
12.936197,77.607029,Koramangala,0,3,71,vandalism,3.39,moderate
12.976617,77.565011,KR_Market,22,2,96,chain_snatching,2.25,danger
13.027916,77.589999,Hebbal,15,6,44,minor_assault,2.57,moderate
13.026797,77.589795,Hebbal,4,6,55,trespassing,2.87,moderate
12.856916,77.609417,Bannerghatta,10,0,12,noise_complaint,3.91,safe
13.021062,77.548472,Yeshwanthpur,2,5,62,theft,2.93,moderate
12.973844,77.587474,Shivajinagar,19,4,77,harassment,1.38,danger
12.925647,77.571996,Jayanagar,20,4,44,trespassing,3.09,moderate
12.966763,77.56697,KR_Market,20,6,92,chain_snatching,2.36,danger
12.961437,77.590884,Shivajinagar,12,6,80,chain_snatching,2.36,danger
12.963859,77.574173,Majestic,21,6,91,assault,2.4,danger
12.913143,77.555431,Jyothy_Institute,17,0,28,noise_complaint,3.81,safe
12.992607,77.577523,Majestic,11,6,85,harassment,1.91,danger
12.913294,77.551527,Jyothy_Institute,6,4,3,minor_dispute,3.95,safe
12.970442,77.572213,KR_Market,23,2,101,assault,2.12,danger
13.042506,77.597747,Hebbal,22,1,52,trespassing,3.45,moderate
12.907825,77.555178,Jyothy_Institute,8,2,21,noise_complaint,3.74,safe
12.976015,77.605669,Shivajinagar,19,0,79,theft,1.32,danger
12.990658,77.54707,Rajajinagar,18,1,52,theft,3.48,moderate
12.872712,77.602149,Bannerghatta,12,1,20,minor_dispute,3.6,safe
12.989377,77.6112,Shivajinagar,1,4,62,assault,2.25,danger
12.999423,77.562538,Rajajinagar,15,3,46,theft,2.8,moderate
12.939066,77.620883,Koramangala,2,5,45,theft,3.28,moderate
12.973931,77.57133,Chickpet,20,1,74,chain_snatching,1.13,danger
12.960435,77.580688,KR_Market,20,0,87,robbery,1.63,danger
12.864405,77.692201,Electronic_City,15,3,47,minor_assault,2.6,moderate
12.978972,77.589719,Shivajinagar,23,3,75,theft,2.0,danger
12.849212,77.676967,Electronic_City,3,2,25,vandalism,3.47,moderate
12.974878,77.610829,Shivajinagar,13,2,60,assault,1.34,danger
12.972133,77.571011,KR_Market,20,3,93,robbery,1.6,danger
13.028684,77.580233,Hebbal,9,1,59,vandalism,2.55,moderate
12.919908,77.60201,Jayanagar,16,1,44,vandalism,3.42,moderate
12.968322,77.577556,Majestic,3,1,92,chain_snatching,2.47,danger
13.06139,77.575057,Hebbal,22,2,55,theft,2.91,moderate
12.997587,77.680214,KR_Puram,20,0,62,assault,2.28,danger
12.994541,77.597467,Shivajinagar,21,4,77,theft,2.32,danger
13.042003,77.596837,Hebbal,4,2,57,theft,3.39,moderate
12.975134,77.600389,Shivajinagar,12,5,76,chain_snatching,1.78,danger
13.004987,77.58022,Rajajinagar,4,1,75,theft,2.88,moderate
12.867969,77.593739,Bannerghatta,19,3,12,noise_complaint,3.71,safe
12.960533,77.577699,Chickpet,12,5,75,robbery,1.35,danger
12.968343,77.580707,Chickpet,20,1,70,chain_snatching,1.72,danger
12.968928,77.697431,Marathahalli,14,3,31,noise_complaint,4.08,safe
12.960849,77.586661,Chickpet,8,0,68,theft,1.66,danger
12.97742,77.583564,KR_Market,19,4,90,robbery,2.3,danger
12.969083,77.689205,Marathahalli,11,6,31,noise_complaint,4.54,safe
12.991859,77.596917,Shivajinagar,16,3,71,robbery,2.01,danger
12.984168,77.632233,Indiranagar,16,1,33,minor_dispute,3.59,safe
12.82917,77.680783,Electronic_City,8,4,55,vandalism,3.16,moderate
13.03296,77.543998,Yeshwanthpur,21,3,44,theft,2.52,moderate
12.999299,77.646213,Indiranagar,17,2,36,traffic_violation,3.59,safe
13.032789,77.550558,Yeshwanthpur,22,6,51,vandalism,2.59,moderate
12.931717,77.597682,Koramangala,0,2,65,theft,3.19,moderate
12.956713,77.596471,KR_Market,17,5,79,harassment,2.1,danger
12.989396,77.541699,Rajajinagar,18,2,52,trespassing,2.56,moderate
12.845365,77.697537,Electronic_City,0,5,36,theft,2.76,moderate
12.967103,77.566223,KR_Market,16,6,75,robbery,1.99,danger
12.888589,77.638563,HSR_Layout,13,5,8,traffic_violation,3.71,safe
12.926913,77.69437,Bellandur,15,0,3,minor_dispute,4.37,safe
12.963595,77.57779,Chickpet,14,3,61,assault,1.53,danger
13.009491,77.677138,KR_Puram,21,2,80,robbery,1.72,danger
12.962582,77.704569,Marathahalli,18,3,23,traffic_violation,3.56,safe
13.007236,77.647744,KR_Puram,21,5,66,theft,2.42,danger
12.841149,77.695535,Electronic_City,1,5,22,theft,3.28,moderate
12.991252,77.603709,Shivajinagar,17,3,70,harassment,1.78,danger
12.912684,77.593675,Jayanagar,7,5,50,theft,3.15,moderate
13.007896,77.659949,KR_Puram,18,5,78,robbery,1.61,danger
12.839963,77.630952,Electronic_City,19,4,46,minor_assault,3.16,moderate
12.925548,77.627209,Koramangala,1,0,56,vandalism,3.03,moderate
12.957459,77.698681,Marathahalli,7,2,10,minor_dispute,4.18,safe
12.842597,77.690674,Electronic_City,3,1,46,minor_assault,3.48,moderate
12.948558,77.6403,Indiranagar,7,6,32,noise_complaint,4.6,safe
12.939492,77.631339,Koramangala,3,0,43,trespassing,2.9,moderate
12.969285,77.77882,Whitefield,22,1,6,minor_dispute,4.29,safe
12.84516,77.592923,Bannerghatta,14,3,15,noise_complaint,4.85,safe
12.991175,77.563038,Majestic,18,6,92,robbery,1.86,danger
12.971498,77.570605,KR_Market,13,3,88,robbery,2.45,danger
13.042177,77.619055,Hebbal,15,1,56,minor_assault,2.59,moderate
12.947456,77.717083,Marathahalli,4,4,19,traffic_violation,4.77,safe
13.001395,77.653967,KR_Puram,23,6,55,chain_snatching,1.19,danger
12.850412,77.60223,Bannerghatta,22,2,26,traffic_violation,4.84,safe
12.905772,77.593205,Jayanagar,16,2,47,vandalism,2.8,moderate
12.996692,77.65623,KR_Puram,20,0,85,harassment,1.84,danger
13.012641,77.556893,Yeshwanthpur,6,4,46,vandalism,2.61,moderate
12.978721,77.571823,Majestic,18,6,85,chain_snatching,1.1,danger
13.013656,77.661257,KR_Puram,18,2,72,chain_snatching,1.3,danger
13.012302,77.664287,KR_Puram,21,5,83,robbery,1.22,danger
13.033558,77.534885,Yeshwanthpur,13,6,42,trespassing,3.34,moderate
12.86516,77.669094,Electronic_City,0,3,37,trespassing,3.14,moderate
12.963903,77.588109,KR_Market,20,4,93,assault,2.31,danger
13.017973,77.667206,KR_Puram,22,3,72,assault,2.25,danger
12.967153,77.586087,Chickpet,22,3,78,theft,1.49,danger
13.047707,77.560751,Yeshwanthpur,6,5,61,theft,3.5,moderate
12.977454,77.573552,Majestic,17,3,91,chain_snatching,1.36,danger
13.01445,77.672137,KR_Puram,23,4,45,chain_snatching,1.6,danger
12.984769,77.555654,Rajajinagar,20,3,52,theft,3.03,moderate
13.044111,77.594772,Hebbal,2,4,55,minor_assault,2.66,moderate
12.926776,77.554626,Jyothy_Institute,13,2,10,minor_dispute,4.66,safe
12.986092,77.594475,Shivajinagar,17,4,71,robbery,2.36,danger
13.045237,77.610535,Hebbal,3,5,56,trespassing,3.27,moderate
12.968186,77.569829,Majestic,8,3,95,chain_snatching,1.6,danger
12.976452,77.752035,Whitefield,5,2,22,noise_complaint,4.95,safe
13.007188,77.665524,KR_Puram,23,4,72,harassment,1.9,danger
12.97228,77.573258,KR_Market,22,5,102,chain_snatching,1.81,danger
13.047991,77.567176,Yeshwanthpur,21,1,36,minor_assault,3.36,moderate
12.925987,77.599366,Jayanagar,23,6,46,theft,2.6,moderate
12.903164,77.562168,Jyothy_Institute,16,2,4,traffic_violation,4.94,safe
12.972123,77.571491,Majestic,12,6,94,chain_snatching,1.48,danger
12.927253,77.673019,Bellandur,19,2,33,traffic_violation,3.5,safe
13.036069,77.604037,Hebbal,1,4,59,theft,3.05,moderate
12.958833,77.572249,KR_Market,23,6,93,assault,1.56,danger
12.971442,77.734396,Whitefield,16,4,16,minor_dispute,3.87,safe
12.996013,77.666667,KR_Puram,4,1,72,chain_snatching,1.76,danger
13.020734,77.548808,Yeshwanthpur,2,5,32,trespassing,2.65,moderate
13.028002,77.679234,KR_Puram,21,4,76,theft,1.89,danger
13.044771,77.590991,Hebbal,7,1,61,trespassing,3.32,moderate
12.992819,77.590323,Shivajinagar,2,4,72,robbery,2.2,danger
12.977477,77.684774,Marathahalli,23,2,26,minor_dispute,4.25,safe
12.922685,77.628929,Koramangala,10,5,58,vandalism,2.68,moderate
12.978901,77.584167,Majestic,20,4,91,harassment,2.25,danger
12.876527,77.56204,Bannerghatta,2,6,27,noise_complaint,4.21,safe
13.029317,77.541822,Yeshwanthpur,18,2,46,theft,3.43,moderate
12.991649,77.641941,Indiranagar,7,4,18,minor_dispute,3.92,safe
13.004865,77.656933,KR_Puram,4,6,57,harassment,2.42,danger
13.04184,77.603054,Hebbal,6,0,46,minor_assault,2.92,moderate
12.977044,77.739502,Whitefield,15,0,30,minor_dispute,4.64,safe
12.96491,77.579972,Chickpet,17,1,72,theft,1.07,danger
13.005717,77.658143,KR_Puram,19,2,62,assault,1.09,danger
12.97884,77.626437,Indiranagar,7,1,22,minor_dispute,4.47,safe
13.044441,77.619167,Hebbal,12,3,39,vandalism,3.15,moderate
12.825847,77.605885,Bannerghatta,6,3,20,minor_dispute,5.0,safe
12.985321,77.644972,Indiranagar,13,2,22,traffic_violation,4.18,safe
13.043273,77.593962,Hebbal,2,0,39,minor_assault,2.86,moderate
13.014524,77.667815,KR_Puram,8,6,67,harassment,1.55,danger
12.980067,77.573319,Majestic,16,2,84,chain_snatching,2.43,danger
12.987961,77.641185,Indiranagar,14,3,26,traffic_violation,4.08,safe
12.837595,77.599484,Bannerghatta,14,0,8,noise_complaint,4.01,safe
12.984539,77.579543,Majestic,13,0,87,harassment,1.06,danger
12.960847,77.575779,Chickpet,18,1,79,robbery,1.61,danger
12.996244,77.564938,Rajajinagar,19,3,42,theft,3.06,moderate
12.954572,77.697055,Marathahalli,8,4,37,noise_complaint,4.41,safe
12.964282,77.569712,Chickpet,18,6,74,assault,1.87,danger
12.916799,77.596902,Koramangala,9,1,55,vandalism,2.76,moderate
13.024675,77.598479,Hebbal,10,6,44,trespassing,2.8,moderate
12.943913,77.655581,Koramangala,9,5,62,minor_assault,3.04,moderate
12.969267,77.579176,Chickpet,17,4,63,assault,2.36,danger
13.013084,77.664878,KR_Puram,17,4,67,harassment,2.08,danger
12.873777,77.572592,Bannerghatta,15,5,0,traffic_violation,4.02,safe
12.873051,77.595729,Bannerghatta,8,5,33,traffic_violation,3.87,safe
12.989925,77.766378,Whitefield,18,0,18,traffic_violation,4.23,safe
12.978846,77.547888,Rajajinagar,1,5,55,theft,3.25,moderate
12.855899,77.692806,Electronic_City,7,5,37,minor_assault,2.53,moderate
12.962138,77.576565,Chickpet,19,2,74,assault,1.44,danger
12.979093,77.556052,Rajajinagar,19,1,47,vandalism,2.93,moderate
12.991232,77.543287,Rajajinagar,15,6,40,minor_assault,3.09,moderate
12.857939,77.674351,Electronic_City,22,0,53,theft,2.79,moderate
13.04588,77.600363,Hebbal,14,1,49,minor_assault,2.77,moderate
13.016791,77.653591,KR_Puram,1,3,72,theft,1.63,danger
12.995513,77.605487,Shivajinagar,22,1,82,theft,2.49,danger
12.87087,77.6739,Electronic_City,2,2,33,vandalism,2.89,moderate
13.019336,77.649403,KR_Puram,22,4,70,chain_snatching,1.04,danger
13.016269,77.64457,KR_Puram,22,2,63,theft,1.9,danger
12.92111,77.68621,Bellandur,4,4,14,minor_dispute,4.94,safe
12.956028,77.575537,Majestic,19,4,101,robbery,2.48,danger
13.022882,77.559697,Yeshwanthpur,20,1,52,vandalism,2.65,moderate
12.997241,77.584395,Shivajinagar,21,4,82,theft,1.75,danger
12.969086,77.574385,Chickpet,20,3,87,chain_snatching,2.37,danger
12.97541,77.580628,KR_Market,22,4,94,harassment,2.2,danger
12.985439,77.580984,Shivajinagar,18,4,62,assault,2.46,danger
12.974566,77.576472,Majestic,21,4,84,theft,1.04,danger
12.973381,77.603957,Shivajinagar,23,1,56,assault,1.45,danger
12.920022,77.619236,HSR_Layout,13,3,22,traffic_violation,3.89,safe
12.998959,77.553915,Rajajinagar,0,4,60,trespassing,2.75,moderate
12.963685,77.574417,Chickpet,17,1,99,assault,2.05,danger
13.017617,77.564619,Yeshwanthpur,4,4,49,theft,2.65,moderate
12.994251,77.553133,Rajajinagar,12,2,78,minor_assault,3.33,moderate
12.987096,77.607487,Shivajinagar,21,6,85,harassment,1.45,danger
12.957137,77.753949,Whitefield,13,0,7,traffic_violation,3.87,safe
12.940893,77.600175,Jayanagar,17,4,37,minor_assault,3.1,moderate
12.861568,77.700675,Electronic_City,6,0,51,theft,3.21,moderate
12.950144,77.581027,KR_Market,18,6,76,harassment,1.22,danger
12.858944,77.712519,Electronic_City,4,4,38,theft,3.04,moderate
12.926606,77.58909,Jayanagar,0,5,50,minor_assault,3.49,moderate
12.930266,77.708505,Whitefield,22,5,36,minor_dispute,4.47,safe
12.973036,77.580407,KR_Market,21,4,85,assault,1.72,danger
12.962908,77.578867,Chickpet,22,3,74,chain_snatching,2.12,danger
12.981274,77.558782,Rajajinagar,18,3,48,theft,3.41,moderate
12.949561,77.609796,Koramangala,15,6,53,vandalism,2.84,moderate
13.008657,77.549775,Rajajinagar,13,1,60,vandalism,2.95,moderate
12.968021,77.57379,KR_Market,11,5,66,harassment,2.49,danger
12.891824,77.643142,HSR_Layout,14,5,12,minor_dispute,4.55,safe
12.943823,77.622582,Koramangala,6,2,53,theft,2.98,moderate
12.974029,77.567239,Majestic,16,4,98,harassment,1.72,danger
12.974892,77.591169,KR_Market,20,4,103,chain_snatching,2.27,danger
12.957757,77.696717,Marathahalli,11,6,34,traffic_violation,4.12,safe
12.979384,77.602034,Shivajinagar,5,5,73,harassment,1.08,danger
12.983545,77.595514,Shivajinagar,17,4,75,assault,1.68,danger
12.958514,77.584719,KR_Market,16,3,101,chain_snatching,1.84,danger
12.982424,77.602501,Shivajinagar,1,3,52,harassment,1.19,danger
12.961501,77.57781,Chickpet,8,1,85,assault,2.23,danger
12.989194,77.631506,Indiranagar,13,4,25,minor_dispute,4.54,safe
13.023165,77.586902,Hebbal,13,0,48,trespassing,2.59,moderate
12.993733,77.589561,Shivajinagar,18,3,71,chain_snatching,1.49,danger
13.001169,77.687896,KR_Puram,22,0,80,harassment,2.48,danger
12.91424,77.562837,Jyothy_Institute,17,5,8,traffic_violation,4.41,safe
12.959626,77.571897,KR_Market,6,4,80,robbery,1.36,danger
12.959615,77.583271,Chickpet,22,3,83,theft,1.31,danger
12.908274,77.692194,HSR_Layout,13,1,19,noise_complaint,3.66,safe
12.981491,77.551243,Rajajinagar,19,0,53,theft,3.28,moderate
13.025714,77.600114,Hebbal,2,1,42,trespassing,2.93,moderate
12.992679,77.599255,Shivajinagar,21,2,63,chain_snatching,1.1,danger
12.827327,77.683842,Electronic_City,6,6,33,vandalism,3.06,moderate
12.914766,77.620381,HSR_Layout,13,3,26,minor_dispute,4.86,safe
12.970296,77.570496,Chickpet,19,1,85,robbery,1.89,danger
13.013153,77.66324,KR_Puram,18,5,101,theft,1.7,danger
12.843227,77.675628,Electronic_City,2,6,40,theft,2.56,moderate
12.967349,77.561446,KR_Market,19,3,80,harassment,1.29,danger
12.960606,77.734021,Marathahalli,17,1,25,noise_complaint,4.61,safe
12.968013,77.5829,Majestic,23,2,101,robbery,1.33,danger
12.989742,77.551084,Rajajinagar,16,3,46,theft,2.9,moderate
12.958514,77.569599,Chickpet,12,1,75,chain_snatching,2.36,danger
12.976294,77.570429,Chickpet,18,3,77,robbery,1.33,danger
12.997734,77.542437,Rajajinagar,11,4,47,trespassing,3.39,moderate
13.0275,77.554268,Yeshwanthpur,13,6,51,theft,2.83,moderate
12.927828,77.635209,Koramangala,16,0,37,minor_assault,2.69,moderate
12.946696,77.577392,KR_Market,16,6,82,robbery,1.85,danger
12.943908,77.653614,Koramangala,4,6,53,theft,3.07,moderate
12.927908,77.603104,Jayanagar,3,1,49,trespassing,3.12,moderate
12.966956,77.564223,Majestic,9,4,94,harassment,1.02,danger
12.929779,77.587617,Jayanagar,18,1,61,theft,3.33,moderate
13.016407,77.557313,Yeshwanthpur,2,4,62,vandalism,2.8,moderate
12.975705,77.573671,Majestic,22,0,90,chain_snatching,1.94,danger
12.926021,77.617849,HSR_Layout,14,3,19,traffic_violation,4.03,safe
12.963291,77.757916,Whitefield,11,2,12,noise_complaint,4.43,safe
12.853179,77.691064,Electronic_City,4,4,31,minor_assault,3.13,moderate
12.962538,77.573812,Chickpet,23,0,90,harassment,1.05,danger
12.969588,77.572098,Chickpet,23,3,77,assault,1.86,danger
13.001816,77.671255,KR_Puram,17,5,80,assault,1.91,danger
12.847842,77.713381,Electronic_City,7,0,39,theft,2.94,moderate
12.982679,77.530099,Rajajinagar,18,2,41,theft,3.44,moderate
12.958829,77.575619,KR_Market,13,2,93,assault,2.37,danger
13.011687,77.685418,KR_Puram,8,4,81,harassment,1.47,danger
12.9786,77.592557,Shivajinagar,2,5,72,theft,1.82,danger
12.992554,77.556682,Rajajinagar,5,1,47,trespassing,3.03,moderate
12.943415,77.623572,Koramangala,9,1,32,minor_assault,2.65,moderate
12.992849,77.57004,Rajajinagar,22,6,41,theft,2.68,moderate
13.00191,77.607481,Shivajinagar,23,1,73,harassment,1.59,danger
12.974394,77.576423,Majestic,23,4,93,robbery,2.22,danger
13.022064,77.552595,Yeshwanthpur,18,3,50,minor_assault,3.2,moderate
12.929774,77.644265,Bellandur,15,0,5,traffic_violation,3.82,safe
13.037367,77.592032,Hebbal,15,1,42,minor_assault,3.08,moderate
12.989258,77.594674,Shivajinagar,0,4,77,theft,1.28,danger
12.936422,77.58246,Jayanagar,1,5,48,minor_assault,2.86,moderate
12.928976,77.591845,Jayanagar,17,1,33,theft,2.76,moderate
12.982271,77.582462,Majestic,13,1,89,harassment,1.05,danger
13.00571,77.677793,KR_Puram,8,1,67,theft,2.01,danger
12.964962,77.563319,KR_Market,20,6,91,chain_snatching,1.2,danger
13.038591,77.538351,Yeshwanthpur,21,1,53,theft,2.96,moderate
12.865626,77.676462,Electronic_City,10,0,54,minor_assault,3.24,moderate
13.023831,77.606318,Hebbal,16,2,61,minor_assault,3.03,moderate
12.881504,77.63021,Bannerghatta,16,6,25,minor_dispute,4.53,safe
12.973281,77.566474,Majestic,20,4,97,harassment,1.81,danger
12.822924,77.664324,Electronic_City,9,0,41,theft,3.39,moderate
12.972586,77.63718,Indiranagar,13,0,0,noise_complaint,4.1,safe
12.992837,77.609539,Shivajinagar,5,5,83,assault,2.09,danger
